number,incident_state,knowledge,vendor,product,country,summary
INC0012692,Active,False,Emerald,Frog,Israel,"Incident INC0012692 is currently active with a medium impact and urgency, resulting in a moderate priority level. The incident was opened on 29 March 2016 at 16:30 and resolved on 13 April 2016 at 16:41, then closed on 18 April 2016 at 16:13. The issue involves the product Frog from vendor Emerald and occurred in Israel. The service level agreement was met, and no knowledge article has been created."
INC0004687,Active,True,Sapphire,Peacock,Greece,"Incident INC0004687, related to the Peacock product from vendor Sapphire in Greece, was opened on 9 March 2016 and had medium impact and urgency, resulting in a moderate priority. The incident met its SLA, was resolved on 17 May 2016, and closed on 22 May 2016. It remains active and knowledge documentation is available."
INC0007361,Closed,False,Ruby,LadyBug,Bolivia,"Incident INC0007361, related to the Ruby vendor's LadyBug product in Bolivia, was opened on 15 March 2016 and closed on 8 May 2016. It had a medium impact and urgency, with a moderate priority. The incident did not meet the SLA and was resolved by 3 May 2016. The incident is now closed."
INC0007184,Resolved,False,Emerald,Croc,Australia,"Incident INC0007184, related to the Emerald Croc product in Australia, was a medium impact and urgency issue with moderate priority. It was opened on 15/3/2016 at 11:00, resolved the same day by 14:20, and closed on 24/3/2016 at 19:01. The incident met the SLA and is now resolved."
INC0015443,Closed,False,Emerald,Frog,Chile,"Incident INC0015443, related to the Frog product from vendor Emerald in Chile, was opened on 5/4/2016 at 11:34 with a medium impact and urgency, assigned moderate priority. The incident was resolved quickly by 5/4/2016 at 11:51, met the SLA, and was closed on 10/4/2016 at 11:59. Knowledge documentation was not created."
INC0008648,Active,False,Emerald,Croc,Colombia,"Incident INC0008648, related to the Emerald Croc product in Colombia, was opened on 18/03/2016 with medium impact and urgency, and moderate priority. The incident was active and met its SLA, was resolved on 01/04/2016, and closed on 06/04/2016. No knowledge article was created."
INC0021391,New,False,Sapphire,Glaucus,Argentina,"Incident INC0021391 was opened on 20/4/2016 at 14:29 with a medium impact and high urgency, resulting in a high priority. The incident involved the Sapphire vendor and the Glaucus product in Argentina. It met the SLA, was resolved the same day by 19:25, and closed on 25/4/2016 at 20:07. The incident is currently in a new state, and no knowledge article was created."
INC0001370,New,True,Emerald,Frog,Kenya,"Incident INC0001370, affecting the Frog product by vendor Emerald in Kenya, was opened on 2nd March 2016 with medium impact and urgency, and a moderate priority. The incident met its SLA, was resolved on 23rd March 2016, and closed on 28th March 2016. The ticket is currently in a new state and has associated knowledge documentation."
INC0027789,Active,False,Sapphire,BlueJay,Norway,"Incident INC0027789, related to the Sapphire vendor's BlueJay product in Norway, was opened on 10/5/2016 and had a medium impact and urgency with moderate priority. The incident met its SLA, was resolved on 10/6/2016, and closed on 15/6/2016. It remains active and does not have an associated knowledge article."
INC0003213,Resolved,True,Ruby,Shrimp,Portugal,"Incident INC0003213, related to the Ruby vendor's Shrimp product in Portugal, was a medium-impact and medium-urgency issue with moderate priority. It was opened on July 3, 2016, and resolved by March 23, 2016, meeting the service level agreement. The incident was closed on March 28, 2016, and relevant knowledge documentation was created."
INC0011904,New,False,Emerald,Turtle,Turkey,"Incident INC0011904, categorized with medium impact and urgency (priority 3 - moderate), was opened on 28/3/2016 at 11:35 in Turkey involving the product ""Turtle"" from vendor Emerald. The incident met its SLA, was resolved on 11/4/2016 at 17:30, and closed on 16/4/2016 at 18:07. The incident is currently in a new state, and no knowledge article was created."
INC0028885,Resolved,False,Emerald,Boa,Pakistan,"Incident INC0028885, related to the Emerald Boa product in Pakistan, was opened on 12/5/2016 at 14:54 with a medium impact and urgency, resulting in a moderate priority. The incident was resolved promptly by 15:01 the same day, meeting the SLA, and was closed on 17/5/2016. The incident is now resolved."
INC0018284,New,False,Ruby,Fox,United Kingdom,"Incident INC0018284 was opened on April 12, 2016, with medium impact and urgency, resulting in a moderate priority. The issue involved the Fox product by vendor Ruby in the United Kingdom. The incident met its SLA and was resolved on April 18, 2016, and subsequently closed on April 23, 2016. The incident is currently in a new state and no knowledge article was created."
INC0000102,New,True,Ruby,LadyBug,Czech Republic,"Incident INC0000102 was opened on 29/2/2016 with a medium impact and urgency, resulting in a moderate priority. The issue involved the Ruby vendor's LadyBug product in the Czech Republic. The incident met its SLA, was resolved on 17/3/2016, and closed on 24/3/2016. The knowledge base was updated accordingly. The incident is currently in a New state."
INC0008909,Active,False,Sapphire,Peacock,Portugal,"Incident INC0008909, related to the Peacock product by vendor Sapphire in Portugal, was opened on 18/3/2016 with a medium impact and urgency, resulting in a moderate priority. The incident was active, met its SLA, resolved on 22/3/2016, and closed on 27/3/2016. No knowledge article was created."
INC0006574,Awaiting User Info,False,Emerald,Turtle,Ecuador,"Incident INC0006574, related to the Turtle product from vendor Emerald in Ecuador, was opened on 14/03/2016 at 10:36 with a medium impact and urgency (priority 3 - moderate). The incident is currently awaiting user information. The service level agreement was met. It was resolved on 16/03/2016 at 10:48 and closed on 24/03/2016 at 19:00. No knowledge article was created."
INC0029102,Closed,False,Emerald,Frog,Denmark,"Incident INC0029102, related to the Frog product by vendor Emerald in Denmark, was opened on 13/5/2016 at 08:41 with a medium impact and urgency, and moderate priority. The issue was resolved quickly by 08:44 the same day, met the SLA, and was closed on 18/5/2016 at 09:07. The incident is now closed, and no knowledge article was created."
INC0009942,Active,False,Sapphire,Peacock,Peru,"Incident INC0009942, related to the Peacock product by vendor Sapphire in Peru, was opened on 22/03/2016 and had a medium impact and urgency with moderate priority. The incident remained active but met its SLA, was resolved on 31/03/2016, and closed on 05/04/2016. No knowledge article was created."
INC0012477,Active,False,Sapphire,BlueJay,Japan,"Incident INC0012477 was opened on 29/3/2016 at 11:27 with a medium impact and urgency, resulting in a moderate priority. The issue involved the Sapphire vendor's BlueJay product in Japan. The incident met the SLA, was resolved the same day by 13:43, and closed on 3/4/2016 at 13:59. The ticket remains active with no associated knowledge articles."
INC0005556,Active,True,Ruby,LadyBug,Canada,"Incident INC0005556, related to the Ruby vendor's LadyBug product in Canada, was opened on 10/3/2016 at 16:07 with a medium impact and urgency, resulting in a moderate priority. The incident met the SLA, was resolved by 1/4/2016 at 14:02, and subsequently closed on 6/4/2016 at 14:59. The incident is currently active and includes available knowledge documentation."
INC0008431,New,False,Sapphire,BlueJay,Germany,"Incident INC0008431, related to the BlueJay product by vendor Sapphire in Germany, was opened on 17/3/2016 and classified with medium impact and urgency, resulting in a moderate priority. The incident met its SLA, was resolved on 30/3/2016, and closed on 31/3/2016. The incident state is currently New, and no knowledge article was created."
INC0017782,New,False,Sapphire,Glaucus,India,"Incident INC0017782, categorized with medium impact and urgency and moderate priority, was opened on 11/4/2016 and resolved by 14/4/2016. The incident involved the Glaucus product from vendor Sapphire in India. The issue met its SLA but has not yet been marked as resolved in the system."
INC0008382,Active,False,Sapphire,Glaucus,Morocco,"Incident INC0008382, related to the Sapphire Glaucus product in Morocco, was opened on 17/03/2016 at 14:43 with medium impact and urgency, assigned a moderate priority. The incident met its SLA, was resolved the same day at 15:25, and closed on 24/03/2016 at 19:02. The incident is currently marked as active and has no associated knowledge article."
INC0022828,Closed,False,Ruby,Fox,Mexico,"Incident INC0022828, related to the Ruby vendor's Fox product in Mexico, was opened on 26/4/2016 at 14:48 with a medium impact and urgency, resulting in a moderate priority. The incident was resolved on the same day at 14:54, met the SLA requirements, and was subsequently closed on 1/5/2016 at 15:07. Knowledge documentation was not created."
INC0012398,Closed,False,Ruby,Shrimp,Romania,"Incident INC0012398, related to the Shrimp product from vendor Ruby in Romania, was opened on 29/03/2016 and closed on 05/04/2016. It had a medium impact and urgency, with a moderate priority. The incident was resolved by 31/03/2016, met the SLA, and is now closed. Knowledge documentation was not created."
INC0014841,Resolved,False,Sapphire,BlueTang,Croatia,"Incident INC0014841, related to the BlueTang product from vendor Sapphire in Croatia, was opened on April 4, 2016, at 11:55 and resolved the same day at 12:02. The incident had a medium impact and urgency, with a moderate priority. The issue was resolved within the SLA and was ultimately closed on May 23, 2016."
INC0000266,Active,True,Sapphire,Glaucus,Finland,"Incident INC0000266, related to the Glaucus product from vendor Sapphire in Finland, was opened on 29/2/2016 with medium impact and urgency, assigned a moderate priority. The incident was active, met its SLA, and had knowledge documentation. It was resolved on 4/3/2016 and closed on 9/3/2016."
INC0009914,Active,False,Emerald,Croc,Pakistan,"Incident INC0009914, involving the Emerald vendor's Croc product in Pakistan, was opened on 22/3/2016 at 10:44 with a medium impact and urgency, and a moderate priority. The incident was active, met its SLA, and was resolved on 6/4/2016 at 10:35 before being closed on 11/4/2016 at 10:59. No knowledge article was created."
INC0020972,Closed,False,Ruby,Ant,Portugal,"Incident INC0020972, related to the product Ant from vendor Ruby in Portugal, was opened on 19/4/2016 at 14:35 with a medium impact and urgency, resulting in a moderate priority. The incident was resolved promptly by 14:41 the same day and was closed on 24/4/2016. The service level agreement (SLA) was met, and no knowledge article was created."
INC0001142,Active,True,Sapphire,Peacock,New Zealand,"Incident INC0001142, related to the Peacock product by vendor Sapphire in New Zealand, was opened on 2/3/2016 with medium impact and urgency, resulting in a moderate priority. The incident met the SLA, was resolved on 13/4/2016, and closed on 18/4/2016. The ticket is currently active and has associated knowledge documentation."
INC0020049,New,False,Ruby,LadyBug,Austria,"Incident INC0020049, related to the LadyBug product by vendor Ruby in Austria, was opened on 16/04/2016 at 13:17 with a medium impact and urgency, resulting in moderate priority. The incident met its SLA, was resolved on 20/04/2016 at 10:54, and closed on 25/04/2016 at 11:07. The current state is New, and no knowledge article was created."
INC0016037,New,False,Emerald,Croc,Vietnam,"Incident INC0016037, related to the Croc product by vendor Emerald in Vietnam, was opened on April 6, 2016. It had a medium impact and urgency, resulting in a moderate priority. The incident met its SLA, was resolved on April 8, and closed on April 13, 2016. Its current state is New, and no knowledge article was created."
INC0017997,Active,False,Ruby,Ant,Brazil,"Incident INC0017997, related to the Ant product by vendor Ruby in Brazil, was opened on April 12, 2016, at 10:06 with a medium impact and urgency, assigned a moderate priority. The incident was resolved on April 13, 2016, at 15:45 and closed on April 18, 2016, at 16:07. The SLA was met, and the incident remains active without associated knowledge articles."
INC0000519,Active,True,Ruby,Shrimp,Egypt,"Incident INC0000519, related to the Ruby vendor's Shrimp product in Egypt, was opened on 1/3/2016 with medium impact and urgency, resulting in a moderate priority. The incident adhered to the SLA, was resolved on 2/3/2016, and closed on 7/3/2016. Knowledge base documentation is available for this case. The incident is currently marked as Active."
INC0016563,New,False,Ruby,LadyBug,United Kingdom,"Incident INC0016563, related to the LadyBug product by vendor Ruby in the United Kingdom, was opened on 7/4/2016 at 13:39 with medium impact and urgency, resulting in a moderate priority. The incident was resolved the same day by 15:12 and subsequently closed on 12/4/2016 at 15:59. The service level agreement (SLA) was met, and the incident is currently in a new state with no associated knowledge article."
INC0009548,New,False,Ruby,Ant,France,"Incident INC0009548, related to the Ruby vendor's Ant product in France, was opened on 21/3/2016 at 14:39 with a medium impact and urgency (priority 3 - moderate). The incident met its SLA, was resolved the same day at 15:59, and subsequently closed on 26/3/2016. The incident state is currently new, and no knowledge article was created."
INC0016707,Closed,False,Sapphire,Glaucus,Argentina,"Incident INC0016707, related to the Sapphire Glaucus product in Argentina, was opened on July 4, 2016, at 17:39 with a medium impact and urgency, and a moderate priority. The incident was resolved within the SLA by 17:51 the same day and subsequently closed on December 4, 2016, at 17:59. The incident is closed, and no knowledge article was created."
INC0017403,Active,False,Ruby,Fox,Indonesia,"Incident INC0017403, classified with medium impact and urgency and moderate priority, was opened on 11/4/2016 and resolved by 13/4/2016. The ticket met its SLA and was finally closed on 18/4/2016. The incident involved the Fox product, reported in Indonesia, and the vendor responsible was Ruby. The incident is currently marked as active, and there is no associated knowledge article."
INC0000257,Closed,True,Emerald,Frog,Canada,"Incident INC0000257, related to the Frog product by vendor Emerald in Canada, was a medium impact and urgency issue with moderate priority. It was opened on 29/2/2016 at 12:48, met the SLA, resolved the same day by 22:28, and closed on 5/3/2016 at 23:00. The incident is now closed and includes documented knowledge."
INC0014212,Awaiting User Info,False,Emerald,Boa,Ireland,"Incident INC0014212, involving the Emerald vendor's Boa product in Ireland, was opened on 1/4/2016 and marked with medium impact and urgency, resulting in a moderate priority. The incident met SLA requirements and was resolved on 6/4/2016 but remained in an ""Awaiting User Info"" state before being closed on 11/4/2016. No knowledge article was created for this incident."
INC0002055,Active,True,Emerald,Frog,Norway,"Incident INC0002055, related to the Frog product from vendor Emerald in Norway, was opened on 3rd March 2016 and closed on 9th March 2016. It had a medium impact and urgency, resulting in a moderate priority. The incident met the SLA, involved documented knowledge, and was resolved on 4th March 2016. The current state is Active."
INC0000345,New,True,Emerald,Frog,Japan,"Incident INC0000345, related to the product Frog from vendor Emerald in Japan, was opened on 29/2/2016 at 15:17 with a medium impact and urgency, resulting in a moderate priority. The incident met its SLA, was resolved on 1/3/2016 at 16:00, and closed on 6/3/2016 at 17:00. Knowledge documentation was created, and the incident state is currently New."
INC0007876,Awaiting User Info,False,Emerald,Boa,Turkey,"Incident INC0007876, related to the Boa product from vendor Emerald in Turkey, was classified with medium impact and urgency, resulting in moderate priority. It was opened on 16/3/2016 and resolved by 21/3/2016, then closed on 26/3/2016. The incident met its SLA and was last in the ""Awaiting User Info"" state. No knowledge article was created."
INC0007706,Resolved,False,Ruby,Fox,Sweden,"Incident INC0007706, related to the Ruby Fox product in Sweden, was opened on 16/3/2016 at 11:10 with medium impact and urgency, assigned a moderate priority. The incident was resolved within SLA and closed on 24/3/2016 at 19:01."
INC0014948,Resolved,False,Emerald,Frog,Turkey,"Incident INC0014948, related to the product Frog from vendor Emerald in Turkey, was categorized with medium impact and urgency (priority moderate). It was opened on April 4, 2016, at 14:20 and resolved by April 7, 2016, at 10:42, meeting the SLA. The incident was subsequently closed on April 12, 2016. Knowledge documentation was not created."
INC0007378,Active,False,Ruby,LadyBug,Philippines,"Incident INC0007378, related to the LadyBug product by vendor Ruby in the Philippines, was opened on 15 March 2016 and resolved on 29 March 2016. It had a medium impact and urgency, resulting in a moderate priority. The incident was active, met the SLA, and was closed on 3 April 2016. No knowledge articles were created."
INC0014160,New,False,Ruby,Ant,Israel,"Incident INC0014160, with medium impact and urgency (priority 3 - Moderate), was opened on April 1, 2016, at 14:30 in Israel, involving the Ruby vendor's Ant product. The incident met its SLA, was resolved on April 4, 2016, at 10:26, and closed shortly after at 10:45 on the same day. The incident is currently marked as New and does not have associated knowledge documentation."
INC0023542,New,False,Ruby,Fox,Denmark,"Incident INC0023542 was opened on 28/4/2016 in Denmark involving the Ruby vendor's Fox product. It was assigned a medium impact and urgency, resulting in a moderate priority. The incident met the SLA requirements, was resolved on 6/5/2016, and closed on 11/5/2016. The incident state is New, and there is no associated knowledge article."
INC0016639,Closed,False,Emerald,Frog,Chile,"Incident INC0016639, related to the Frog product from vendor Emerald in Chile, was opened on July 4, 2016, at 15:29. It had a medium impact and urgency, resulting in a moderate priority. The incident was resolved the same day at 17:27 and closed on December 4, 2016, at 17:59, meeting the SLA requirements. The incident is now closed and did not involve knowledge base documentation."
INC0015402,Active,False,Sapphire,Glaucus,Israel,"Incident INC0015402, related to the Sapphire Glaucus product in Israel, was opened on 5/4/2016 and had a medium impact and urgency with moderate priority. The incident met the SLA, was resolved on 6/4/2016, and closed on 11/4/2016. Its current state is active, and no knowledge article was created."
INC0015036,Resolved,False,Sapphire,Glaucus,Egypt,"Incident INC0015036, related to the Sapphire Glaucus product in Egypt, was opened on 4th April 2016 and resolved by 6th April 2016. The issue had a medium impact and urgency, resulting in a moderate priority. The incident was resolved within the SLA and was closed on 11th April 2016."
INC0027251,Closed,False,Emerald,Frog,Mexico,"Incident INC0027251, related to the Emerald Frog product in Mexico, was opened on 9/5/2016 at 07:54 with medium impact and urgency, and moderate priority. The issue was resolved on the same day at 08:38, met the SLA requirements, and the case was closed on 14/5/2016. No knowledge article was created."
INC0015902,Active,False,Ruby,Fox,Denmark,"Incident INC0015902, related to the Ruby vendor's Fox product in Denmark, was opened on April 6, 2016. It had medium impact and urgency, resulting in a moderate priority. The incident met its SLA, was resolved on April 28, 2016, and closed on May 3, 2016. The incident is currently marked as active and no knowledge article was created."
INC0018028,Active,False,Ruby,Fox,New Zealand,"Incident INC0018028, related to the Ruby vendor's Fox product in New Zealand, was opened on 12/4/2016 with medium impact and urgency, resulting in a moderate priority. The incident met its SLA, was resolved by 14/4/2016, and subsequently closed on 19/4/2016. The ticket remains active and does not have an associated knowledge article."
INC0014157,Active,False,Sapphire,BlueJay,Kenya,"Incident INC0014157, related to the BlueJay product from vendor Sapphire in Kenya, was opened on January 4, 2016, at 14:27. It had a medium impact and urgency, resulting in a moderate priority. The incident met its SLA, was resolved on January 11, 2016, at 17:34, and finally closed on June 11, 2016, at 18:00. The incident remains active and is not linked to a knowledge article."
INC0003897,Active,True,Ruby,Fox,Portugal,"Incident INC0003897, related to the Ruby vendor's Fox product in Portugal, was opened on 8/3/2016 and had a medium impact and urgency, with a moderate priority. The incident met its SLA, was resolved on 14/3/2016, and closed on 24/3/2016. Its current state is active, and knowledge resources are available."
INC0013968,Active,False,Sapphire,Glaucus,Austria,"Incident INC0013968, related to the Sapphire Glaucus product in Austria, was opened on 1/4/2016 with medium impact and urgency, resulting in a moderate priority. The incident met its SLA, was resolved on 4/4/2016, and closed on 9/4/2016. The ticket remains active with no associated knowledge base article."
INC0008616,Awaiting Vendor,False,Sapphire,Glaucus,Netherlands,"Incident INC0008616, related to the Glaucus product in the Netherlands, was opened on 18/03/2016 and had a medium impact and urgency, resulting in a moderate priority. The incident was handled in accordance with the SLA, involved the vendor Sapphire, and remained in an ""Awaiting Vendor"" state during resolution. It was resolved on 20/10/2016 and closed on 25/10/2016."
INC0029023,Closed,False,Ruby,Fox,Australia,"Incident INC0029023, related to the Ruby vendor's Fox product in Australia, was opened on 12/5/2016 at 21:12 with a medium impact and urgency, and a moderate priority. The incident was resolved quickly by 21:13 the same day, met its SLA, and was closed on 17/5/2016 at 22:07. No knowledge article was created."
INC0003207,Active,True,Sapphire,BlueTang,Austria,"Incident INC0003207, related to the Sapphire BlueTang product in Austria, was opened on 7/3/2016 and resolved on 9/3/2016. The incident had a medium impact and urgency, resulting in a moderate priority. It met the SLA, and the knowledge base was updated. The incident was closed on 24/3/2016 and is currently marked as active."
INC0008378,New,False,Emerald,Boa,United Kingdom,"Incident INC0008378 was opened on 17/3/2016 at 14:36 with a medium impact and urgency, resulting in a moderate priority. The incident involved the Boa product from vendor Emerald in the United Kingdom. It met the SLA requirements, was resolved on 18/3/2016 at 09:58, and closed on 24/3/2016 at 19:02. The incident is currently in a new state and does not have an associated knowledge article."
INC0012712,New,False,Sapphire,BlueJay,Ecuador,"Incident INC0012712 was opened on 29/3/2016 at 17:10 concerning the BlueJay product from vendor Sapphire in Ecuador. It had a medium impact and urgency, resulting in a moderate priority. The incident met its SLA, was resolved on 14/4/2016 at 14:42, and closed on 19/4/2016 at 15:07. The current state is New, and no knowledge article was created."
INC0002216,Active,True,Emerald,Boa,Sweden,"Incident INC0002216 was opened on April 3, 2016, and involved the Boa product by Emerald in Sweden. It had a medium impact and urgency, resulting in a moderate priority. The incident met its SLA, was resolved by March 7, 2016, and closed on March 24, 2016. The ticket is currently marked as active and has associated knowledge documentation."
INC0011374,Active,False,Sapphire,Peacock,Greece,"Incident INC0011374, related to the Peacock product by vendor Sapphire in Greece, was opened on 25/3/2016 and had a medium impact and urgency, with a moderate priority. The incident met the SLA, was resolved on 28/3/2016, and closed on 2/4/2016. The incident is currently active and has no associated knowledge articles."
INC0001127,Closed,True,Emerald,Croc,Ireland,"Incident INC0001127, related to the Croc product by vendor Emerald in Ireland, was a medium-impact and urgency issue with moderate priority. The incident was opened on 2nd March 2016 at 10:39 and resolved on 26th April 2016 at 14:50, then closed on 1st May 2016 at 15:07. The incident did not meet the SLA but had associated knowledge documentation. The incident state is closed."
INC0026304,New,False,Emerald,Boa,Greece,"Incident INC0026304, opened on 5/5/2016, involved a high-impact issue with medium urgency related to the Boa product from vendor Emerald in Greece. The incident was prioritized as high, met its SLA, and was resolved by 6/5/2016, then closed on 11/5/2016. The incident is currently in a new state and has no associated knowledge articles."
INC0026185,Closed,False,Emerald,Boa,Israel,"Incident INC0026185, related to the Boa product from vendor Emerald in Israel, was opened on 5 May 2016 at 09:01 with a medium impact and urgency, resulting in a moderate priority. The incident was resolved on 6 May 2016 at 11:30, met its SLA, and was closed on 11 May 2016 at 12:07. The knowledge article was not created for this incident."
INC0008305,Closed,False,Ruby,Ant,Bolivia,"Incident INC0008305, related to the product Ant by vendor Ruby in Bolivia, was opened on 17/3/2016 and resolved by 18/3/2016, with closure on 24/3/2016. The incident had medium impact and urgency, resulting in a moderate priority. It met the SLA and is now closed."
INC0007666,Resolved,False,Sapphire,BlueJay,Kenya,"Incident INC0007666, involving the Sapphire BlueJay product in Kenya, was opened on 16/3/2016 at 10:31 with a medium impact and urgency, and a moderate priority. The incident was resolved the same day at 11:19, meeting the SLA, and was subsequently closed on 24/3/2016. The incident state is resolved, and no knowledge article was created."
INC0005300,Active,True,Ruby,Fox,Spain,"Incident INC0005300, related to the Ruby vendor's Fox product in Spain, was opened on 10/3/2016 with a medium impact and urgency, resulting in a moderate priority. The ticket met its SLA, was resolved by 17/3/2016, and closed on 24/3/2016. The incident remains active and has associated knowledge documentation."
INC0013298,Resolved,False,Emerald,Boa,Malaysia,"Incident INC0013298, related to the Emerald Boa product in Malaysia, was opened on 31/3/2016 at 06:52 and resolved within two minutes. The incident had a medium impact and urgency, with a moderate priority. It met the SLA and was closed on 5/4/2016. Knowledge base documentation was not created for this incident."
INC0008707,Awaiting User Info,False,Emerald,Turtle,Sweden,"Incident INC0008707, related to the Turtle product by vendor Emerald in Sweden, was opened on 18/03/2016 with a medium impact and urgency, resulting in a moderate priority. The incident met its SLA but is currently awaiting user information. It was resolved on 31/03/2016 and closed on 05/04/2016."
INC0022998,Closed,False,Emerald,Frog,China,"Incident INC0022998, related to the Frog product by vendor Emerald in China, was opened on 27/4/2016 and closed on 2/5/2016. It had a medium impact and urgency, with a moderate priority. The incident met the SLA and is now closed."
INC0000197,Active,True,Emerald,Boa,Australia,"Incident INC0000197, related to the Emerald vendor's Boa product in Australia, was a medium-impact and urgency issue with moderate priority. It was opened on 29/02/2016 at 11:02, met the SLA, resolved on 31/03/2016 at 11:13, and closed on 05/04/2016 at 11:59. The incident is currently active and has associated knowledge."
INC0012944,New,False,Emerald,Croc,Morocco,"Incident INC0012944 was opened on 30/3/2016 with medium impact and urgency, assigned a moderate priority. It involved the Emerald vendor's Croc product in Morocco. The incident met the SLA, was resolved on 4/4/2016, and closed on 9/4/2016. The incident state is currently New, and no knowledge article was created."
INC0011562,Resolved,False,Emerald,Boa,Israel,"Incident INC0011562, related to the Emerald Boa product in Israel, was opened on 27/3/2016 at 10:14 with a medium impact and urgency, and moderate priority. The incident was resolved on the same day at 11:41, meeting the SLA, and was subsequently closed on 1/4/2016 at 11:59. The incident is now marked as resolved."
INC0006202,Active,False,Ruby,Ant,Norway,"Incident INC0006202, related to the Ruby vendor's Ant product in Norway, was opened on 11/3/2016 with a medium impact and urgency, resulting in a moderate priority. The incident was active and met its SLA, being resolved by 15/3/2016 and closed on 24/3/2016. No knowledge article was created for this incident."
INC0003852,Closed,True,Emerald,Frog,Spain,"Incident INC0003852, related to the Frog product by vendor Emerald in Spain, was opened on 8/3/2016 at 00:33 with a medium impact and urgency, resulting in a moderate priority. The incident was resolved quickly by 00:55 the same day but remained open until it was closed on 24/3/2016 at 18:41. The incident did not meet the SLA but included documented knowledge before closure. The incident state is closed."
INC0002915,Active,True,Ruby,Shrimp,Portugal,"Incident INC0002915, involving the Ruby vendor's Shrimp product in Portugal, was opened on 6/3/2016 with a medium impact and high urgency and priority. The incident met SLA requirements, was resolved on 11/3/2016, and closed on 24/3/2016. It remains active and has associated knowledge documentation."
INC0008724,Awaiting User Info,False,Ruby,Shrimp,Canada,"Incident INC0008724, related to the Ruby vendor's Shrimp product in Canada, was opened on 18/03/2016 with medium impact and urgency, assigned a moderate priority. The incident was resolved on 29/03/2016 and closed on 03/04/2016. It is currently awaiting user information and met the SLA requirements."
INC0029111,New,False,Emerald,Boa,United Kingdom,"Incident INC0029111, related to the Emerald vendor's Boa product in the United Kingdom, was opened on 13/05/2016 with a medium impact and urgency, resulting in a moderate priority. The incident was resolved on 18/05/2016 and closed on 23/05/2016. The service level agreement (SLA) was met, and no knowledge article was created. The current incident state is New."
INC0028657,Active,False,Emerald,Boa,Australia,"Incident INC0028657, related to the Boa product by vendor Emerald in Australia, was opened on 12/5/2016 with medium impact and urgency, resulting in a moderate priority. The incident was active but met its SLA, and it was resolved on 10/6/2016 and closed on 15/6/2016. No knowledge article was created."
INC0025942,Active,False,Ruby,Ant,Vietnam,"Incident INC0025942 is currently active with medium impact and urgency, assigned a moderate priority. It was opened on April 5, 2016, at 15:10 in Vietnam, involving the Ruby vendor and the Ant product. The incident met its SLA, was resolved on November 28, 2016, at 09:06, and subsequently closed on December 3, 2016, at 09:07. No knowledge article has been created for this incident."
INC0000769,Resolved,True,Ruby,Ant,United Kingdom,"Incident INC0000769, related to the Ruby vendor's Ant product in the United Kingdom, was opened on 1st March 2016 at 14:43 with a medium impact and urgency, and a moderate priority. The incident was resolved on 4th March 2016 at 16:47, met the SLA, and was closed on 9th March 2016 at 17:00. Knowledge was documented during the process."
INC0015363,Active,False,Ruby,Fox,Peru,"Incident INC0015363, related to the Ruby vendor's Fox product in Peru, was opened on 5/4/2016 at 10:09 with medium impact and urgency, assigned a moderate priority. The incident was resolved the same day at 15:19, met its SLA, and was closed on 10/4/2016 at 15:59. The incident is currently marked as active, and no knowledge article was created."
INC0024638,Closed,False,Emerald,Frog,Denmark,"Incident INC0024638, related to the Frog product by vendor Emerald in Denmark, was opened on 2/5/2016 at 08:24 and closed on 3/5/2016 at 20:06. The incident had medium impact and urgency, resulting in a moderate priority. It was resolved within the SLA and ultimately closed without creating a knowledge article."
INC0026752,Active,False,Emerald,Turtle,China,"Incident INC0026752, related to the Turtle product by vendor Emerald in China, was opened on 6/5/2016 with a medium impact and urgency, resulting in a moderate priority. The incident was resolved by 11/5/2016 and closed on 16/5/2016, meeting the SLA. The incident is currently marked as active and no knowledge article was created."
INC0013878,Awaiting User Info,False,Sapphire,BlueTang,Austria,"Incident INC0013878, related to the Sapphire BlueTang product in Austria, was opened on April 1, 2016. It had a medium impact and urgency, resulting in a moderate priority. The incident met its SLA, was resolved by April 8, 2016, and closed on April 13, 2016. The current state is awaiting user information, and no knowledge article was created."
INC0024125,Closed,False,Ruby,Fox,Mexico,"Incident INC0024125, related to the Fox product by vendor Ruby in Mexico, was opened on 29/4/2016 at 11:25 with a medium impact and urgency, assigned a moderate priority. The incident was resolved quickly by 29/4/2016 at 11:27, met the SLA, and was closed on 4/5/2016 at 12:07. The incident did not involve documented knowledge."
INC0014630,Resolved,False,Emerald,Frog,Chile,"Incident INC0014630, impacting the Frog product by vendor Emerald in Chile, was opened on April 4, 2016, with medium impact and urgency, and moderate priority. The incident was resolved on April 5, 2016, meeting the SLA, and subsequently closed on April 10, 2016. The incident state is resolved, and no knowledge article was created."
INC0015536,Active,False,Ruby,LadyBug,Singapore,"Incident INC0015536, related to the LadyBug product by vendor Ruby in Singapore, was opened on 5/4/2016 at 14:19 with medium impact and urgency, resulting in a moderate priority. The incident met its SLA, was resolved the same day at 14:37, and subsequently closed on 10/4/2016 at 14:59. The incident is currently marked as active and is not linked to any knowledge articles."
INC0022818,Closed,False,Emerald,Boa,Mexico,"Incident INC0022818, related to the Emerald Boa product in Mexico, was opened on 26/4/2016 at 14:31 with a medium impact and urgency, and moderate priority. The issue was resolved promptly by 14:38 the same day, meeting the SLA, and the incident was officially closed on 1/5/2016. The incident state is closed and no knowledge article was created."
INC0028721,Resolved,False,Sapphire,BlueJay,Turkey,"Incident INC0028721, related to the BlueJay product by vendor Sapphire in Turkey, was opened on 12/5/2016 at 10:03 with a medium impact and urgency, and a moderate priority. The incident was resolved the same day at 13:15, meeting the SLA, and was closed on 17/5/2016 at 14:07. The incident state is resolved, and no knowledge article was created."
INC0019526,Closed,False,Ruby,LadyBug,South Africa,"Incident INC0019526, related to the LadyBug product by vendor Ruby in South Africa, was opened on 15/4/2016 and closed on 23/4/2016. It had a medium impact and urgency, with moderate priority. The incident was resolved by 18/4/2016, met the SLA, and is now closed. No knowledge article was created."
INC0007649,New,False,Ruby,Ant,Hungary,"Incident INC0007649, related to the Ruby vendor's Ant product in Hungary, was opened on 16/3/2016 and had a medium impact and urgency, with a moderate priority. The incident was resolved on 21/3/2016 and closed on 26/3/2016. The SLA was met. The incident is currently in a New state and has no associated knowledge articles."
INC0015785,Active,False,Emerald,Turtle,Israel,"Incident INC0015785 was opened on 6/4/2016 at 09:04 with medium impact and urgency, resulting in a moderate priority. The issue involved the Turtle product from vendor Emerald in Israel. The incident met the SLA, was resolved the same day at 16:16, and subsequently closed on 11/4/2016. The ticket remains active and is not linked to any knowledge articles."
INC0012781,Active,False,Ruby,LadyBug,Japan,"Incident INC0012781, related to the LadyBug product by vendor Ruby in Japan, was opened on 30/3/2016 at 06:52 with medium impact and urgency, and moderate priority. The incident was active, met the SLA, resolved the same day at 07:44, and was closed on 4/4/2016 at 07:59. No knowledge article was created."
INC0016813,Resolved,False,Sapphire,Glaucus,Greece,"Incident INC0016813, related to the Sapphire Glaucus product in Greece, was opened on April 8, 2016, at 08:59 with a medium impact and urgency, resulting in a moderate priority. The incident was resolved within the SLA and subsequently closed on April 13, 2016, at 09:59. No knowledge article was created."
INC0011261,Resolved,False,Ruby,LadyBug,Germany,"Incident INC0011261, related to the LadyBug product by Ruby in Germany, was opened on 24/3/2016 with medium impact and urgency, resulting in a moderate priority. The incident was resolved on 28/3/2016 within SLA and subsequently closed on 2/4/2016. Knowledge articles were not created for this incident."
INC0006855,Resolved,False,Sapphire,BlueJay,Romania,"Incident INC0006855, affecting the BlueJay product from vendor Sapphire in Romania, was opened on 14/3/2016 at 15:42 with a medium impact and urgency, and moderate priority. The incident was resolved promptly by 14/3/2016 at 15:50, meeting the SLA, and eventually closed on 23/5/2016 at 11:07. The incident is now resolved, and no knowledge article was created."
INC0009658,New,False,Ruby,Shrimp,Australia,"Incident INC0009658, logged on 21/3/2016, involved the Ruby vendor's Shrimp product in Australia. It had a medium impact and urgency, with a moderate priority. The incident was resolved by 4/4/2016 and closed on 9/4/2016. The service level agreement was met."
INC0019370,Closed,False,Emerald,Croc,Canada,"Incident INC0019370, related to the Emerald Croc product in Canada, was opened on April 14, 2016, at 17:38 with a medium impact and urgency, resulting in a moderate priority. The incident was resolved by April 15, 2016, at 09:36, met the SLA, and was closed on April 20, 2016, at 10:07. The incident state is closed, and no knowledge article was created."
INC0014246,New,False,Emerald,Croc,South Korea,"Incident INC0014246, related to the Croc product by vendor Emerald in South Korea, was opened on 1/4/2016 with medium impact and urgency, and moderate priority. The incident was resolved on 18/4/2016 and closed on 23/4/2016, meeting the SLA. The incident is currently in a New state and no knowledge article was created."
INC0020725,Resolved,False,Emerald,Croc,South Korea,"Incident INC0020725, related to the Emerald vendor's Croc product in South Korea, was opened on 19/4/2016 with a medium impact and urgency, resulting in a moderate priority. The incident was resolved on 26/4/2016, meeting the SLA, and subsequently closed on 1/5/2016."
INC0020191,New,False,Ruby,Ant,Hungary,"Incident INC0020191, related to the Ruby vendor's Ant product in Hungary, was opened on 18/04/2016 at 08:59 with a medium impact and urgency, resulting in a moderate priority. The incident met the SLA, was resolved on 29/04/2016, and closed on 04/05/2016. It remains in a New state with no associated knowledge articles."
INC0002694,New,True,Ruby,Shrimp,Romania,"Incident INC0002694, related to the Ruby Shrimp product in Romania, was opened on April 3, 2016, and had a medium impact and urgency, resulting in a moderate priority. The incident met its SLA, was resolved on March 10, 2016, and closed on March 24, 2016. Knowledge resources were available during the process. The incident is currently in a New state."
INC0007560,Active,False,Sapphire,Peacock,Portugal,"Incident INC0007560, related to the Peacock product by vendor Sapphire in Portugal, was opened on 16 March 2016 and had a medium impact and urgency, leading to a moderate priority. The incident met its SLA, was resolved on 18 August 2016, and closed on 23 August 2016. The case remains active, and no knowledge article has been created."
INC0015601,New,False,Ruby,LadyBug,Vietnam,"Incident INC0015601, related to the Ruby vendor's LadyBug product in Vietnam, was opened on 5/4/2016 and resolved by 6/4/2016, then closed on 11/4/2016. The incident had a medium impact and urgency, resulting in a moderate priority. The service level agreement (SLA) was met, but no knowledge article was created. The current incident state is New."
INC0024610,Awaiting User Info,False,Sapphire,BlueTang,Egypt,"Incident INC0024610, related to the BlueTang product from vendor Sapphire in Egypt, was opened on 2/5/2016 with a medium impact and urgency, resulting in a moderate priority. The incident met its SLA, was resolved on 4/5/2016, and closed on 9/5/2016. Its current state is ""Awaiting User Info"" and no knowledge article was created."
INC0011204,New,False,Sapphire,Glaucus,Germany,"Incident INC0011204, related to the Sapphire product Glaucus in Germany, was opened on 24 March 2016 and closed on 24 April 2016. It had a medium impact and urgency, with a moderate priority. The incident was resolved within the SLA but does not have an associated knowledge article."
INC0012067,Active,False,Emerald,Frog,Philippines,"Incident INC0012067, associated with the Frog product by vendor Emerald in the Philippines, was opened on 28/3/2016 at 14:45 with a medium impact and urgency, resulting in a moderate priority. The incident met the SLA, was resolved on 6/5/2016 at 10:45, and subsequently closed on 11/5/2016 at 11:07. The incident is currently active and no knowledge article was created."
INC0015927,New,False,Emerald,Frog,Ukraine,"Incident INC0015927 was opened on June 4, 2016, regarding the Emerald Frog product in Ukraine. It had a medium impact and urgency, resulting in a moderate priority. The incident was resolved by June 28, 2016, and closed on July 3, 2016, meeting the SLA requirements."
INC0011698,Resolved,False,Sapphire,Glaucus,Vietnam,"Incident INC0011698, related to the Sapphire product Glaucus in Vietnam, was opened on 28/3/2016 and closed on 2/4/2016. It had a medium impact and urgency, with a moderate priority. The incident was resolved within the SLA and is now closed."
INC0027866,Awaiting User Info,False,Sapphire,BlueJay,Chile,"Incident INC0027866, related to the Sapphire BlueJay product in Chile, was opened on 10/5/2016 with medium impact and urgency, and a moderate priority. The incident met its SLA but is currently awaiting user information. It was resolved on 23/6/2016 and closed on 28/6/2016."
INC0018481,Active,False,Emerald,Frog,Turkey,"Incident INC0018481, currently active with medium impact and urgency (priority 3 - moderate), was opened on 13/04/2016 at 09:02. The incident involved the Emerald vendor and Frog product in Turkey. The SLA was met. It was resolved on 02/09/2016 at 09:59 and closed on 07/09/2016 at 10:00. No knowledge base article was created."
INC0026946,Active,False,Sapphire,Peacock,Nigeria,"Incident INC0026946, related to the Sapphire vendor's Peacock product in Nigeria, was opened on 6/5/2016 at 15:17 with a low impact, urgency, and priority. The incident met the SLA, was resolved quickly by 15:23 the same day, and subsequently closed on 11/5/2016 at 16:07. The incident is currently active and knowledge documentation was not created."
INC0028621,Active,False,Ruby,LadyBug,Argentina,"Incident INC0028621, related to the Ruby LadyBug product in Argentina, was opened on 12/5/2016 at 08:08 with a medium impact and urgency, resulting in a moderate priority. The incident met the SLA, was resolved the same day at 15:50, and subsequently closed on 17/5/2016 at 16:07. The incident is currently marked as active and has no associated knowledge article."
INC0007888,Awaiting User Info,False,Sapphire,Peacock,Egypt,"Incident INC0007888, related to the Peacock product by vendor Sapphire in Egypt, was opened on 16/3/2016 with medium impact and urgency, and assigned a moderate priority. The incident met its SLA and was in the ""Awaiting User Info"" state. It was resolved on 22/7/2016 and closed on 27/7/2016. No knowledge article was created."
INC0018019,New,False,Ruby,LadyBug,Morocco,"Incident INC0018019 was opened on April 12, 2016, regarding the LadyBug product by vendor Ruby in Morocco. It had a medium impact and urgency, resulting in a moderate priority. The incident was resolved on April 13 and closed on April 18, meeting the SLA. It is currently in a new state and has no associated knowledge base article."
INC0002637,Awaiting User Info,True,Sapphire,Peacock,Indonesia,"Incident INC0002637, related to the Peacock product from vendor Sapphire in Indonesia, was opened on April 3, 2016. It had a medium impact and urgency, with a moderate priority. The incident met its SLA, involved knowledge resources, and was resolved on March 16, 2016. As of now, its state is ""Awaiting User Info,"" and it was closed on March 24, 2016."
INC0004803,Resolved,True,Emerald,Frog,India,"Incident INC0004803, related to the Frog product by vendor Emerald in India, was opened on 9/3/2016 and resolved on 11/4/2016. The incident had a medium impact and urgency, with a moderate priority. The issue was resolved within the SLA and is now closed. Knowledge documentation was created for this incident."
INC0018479,Resolved,False,Sapphire,BlueJay,Ireland,"Incident INC0018479, related to the Sapphire BlueJay product in Ireland, was a medium impact and urgency issue with moderate priority. It was opened on 13/4/2016 at 08:57, resolved promptly by 09:06 the same day, meeting the SLA, and subsequently closed on 18/4/2016 at 09:07. The incident is now resolved and no knowledge article was created."
INC0025552,Active,False,Emerald,Boa,Spain,"Incident INC0025552 is currently active with a medium impact and urgency, resulting in a moderate priority. It was opened on March 5, 2016, at 16:44 and resolved on April 5, 2016, at 08:16, then closed on May 9, 2016, at 09:07. The incident met the SLA requirements. The vendor involved is Emerald, related to the Boa product, and occurred in Spain. Knowledge documentation is not available."
INC0005566,New,True,Emerald,Frog,Ireland,"Incident INC0005566, reported on 10/3/2016, involved the Frog product from vendor Emerald in Ireland. It was classified with medium impact and urgency, resulting in a moderate priority. The incident met SLA targets, was resolved by 11/3/2016, and closed on 24/3/2016. Knowledge resources were utilized during its handling."
INC0022898,Resolved,False,Sapphire,Peacock,Kenya,"Incident INC0022898, related to the Peacock product from vendor Sapphire in Kenya, was opened on 26/4/2016 and resolved by 29/4/2016, with closure on 4/5/2016. The incident had a medium impact and urgency, resulting in a moderate priority. The issue was resolved within SLA, but no knowledge article was created. The incident is now resolved."
INC0013482,Closed,False,Emerald,Turtle,Pakistan,"Incident INC0013482, related to the Turtle product from vendor Emerald in Pakistan, was opened on 31/3/2016 and closed on 5/4/2016. It had a medium impact and urgency, resulting in a moderate priority. The incident was resolved within the SLA timeframe and is now closed."
INC0019050,Resolved,False,Ruby,Ant,Bolivia,"Incident INC0019050, related to the Ruby vendor's Ant product in Bolivia, was opened on 14/4/2016 at 10:05 with a medium impact and urgency, resulting in a moderate priority. The incident was resolved promptly by 10:25 the same day, meeting the SLA, and was subsequently closed on 19/4/2016 at 11:07. The incident is now resolved, with no knowledge article created."
INC0014760,Closed,False,Ruby,Shrimp,Ecuador,"Incident INC0014760, categorized with medium impact and urgency and moderate priority, was opened on April 4, 2016, at 10:35 and successfully resolved the same day by 15:06, meeting the SLA. Managed with vendor Ruby for the product Shrimp in Ecuador, the incident was officially closed on April 9, 2016."
INC0017831,Resolved,False,Emerald,Turtle,Argentina,"Incident INC0017831 related to the Turtle product from vendor Emerald in Argentina was opened on 11/4/2016 at 17:32 with a medium impact and urgency, and moderate priority. The incident was resolved the same day at 18:19, meeting the SLA, and was subsequently closed on 16/4/2016 at 19:07. The incident is now resolved and does not have associated knowledge documentation."
INC0027301,Closed,False,Sapphire,BlueTang,Argentina,"Incident INC0027301, related to the Sapphire BlueTang product in Argentina, was opened on 9/5/2016 at 08:56 with a medium impact and urgency, resulting in a moderate priority. The incident was resolved the same day at 11:53 and closed on 14/5/2016 at 12:07. The service level agreement (SLA) was met, and no knowledge article was created."
INC0022180,Active,False,Ruby,Shrimp,Ireland,"Incident INC0022180 was opened on 25/04/2016 at 10:07 with a medium impact and urgency, resulting in a moderate priority. It involved the product Shrimp from vendor Ruby in Ireland. The incident met its SLA, was resolved on 23/05/2016 at 17:12, and subsequently closed on 28/05/2016 at 18:07. The incident is currently marked as active, and no knowledge article was created."
INC0016734,Closed,False,Ruby,Ant,Ecuador,"Incident INC0016734, related to the Ant product by vendor Ruby in Ecuador, was a medium-impact and moderate-priority issue. It was opened on April 8, 2016, at 02:45, resolved the same day by 09:38, and closed on April 13, 2016, at 09:59. The incident met the SLA requirements and is now closed. No knowledge article was created."
INC0015328,Closed,False,Ruby,Ant,South Korea,"Incident INC0015328, related to the product Ant from vendor Ruby in South Korea, was opened on 5/4/2016 with a medium impact and urgency, resulting in a moderate priority. The incident was resolved by 7/4/2016 and closed on 12/4/2016, meeting the SLA requirements. The incident is now closed and no knowledge article was created."
INC0025047,Closed,False,Emerald,Croc,Spain,"Incident INC0025047, related to the Emerald Croc product in Spain, was classified with medium impact and urgency (priority 3 - Moderate). It was opened on 2/5/2016 at 16:06, resolved promptly by 16:18 the same day, and closed on 7/5/2016 at 17:07. The incident met its SLA requirements and is now closed."
INC0004485,Awaiting User Info,True,Emerald,Croc,South Africa,"Incident INC0004485, related to the Croc product from vendor Emerald in South Africa, was opened on 8 March 2016 with medium impact and urgency, and a moderate priority. The incident met its SLA requirements. It was resolved on 22 March 2016 and subsequently closed on 27 March 2016. The current state is awaiting user information, and knowledge documentation is available."
INC0010172,Active,False,Emerald,Croc,Bolivia,"Incident INC0010172, related to the Emerald Croc product in Bolivia, was opened on 22/3/2016 and remained active until resolution on 29/3/2016, with closure on 3/4/2016. It had a medium impact and urgency, resulting in a moderate priority. The incident met the SLA but did not have associated knowledge documentation."
INC0005095,Closed,True,Sapphire,BlueJay,Japan,"Incident INC0005095, related to the BlueJay product from vendor Sapphire in Japan, was opened on 9 March 2016 and closed on 24 March 2016. It had a medium impact and urgency, with a moderate priority. The incident did not meet the SLA but was resolved on 11 March 2016. Knowledge documentation was created for this incident."
INC0028403,Awaiting User Info,False,Ruby,Ant,Ecuador,"Incident INC0028403, related to the Ant product by vendor Ruby in Ecuador, had a medium impact and urgency with a moderate priority. It was opened on 11/5/2016 and resolved by 19/5/2016, then closed on 24/5/2016. The incident is currently awaiting user information and met its SLA."
INC0025861,Resolved,False,Emerald,Frog,Kenya,"Incident INC0025861, involving the Frog product by vendor Emerald in Kenya, was opened on 4/5/2016 at 13:18 with medium impact and urgency, and a moderate priority. The incident was resolved the same day at 14:51, meeting the SLA, and was closed on 9/5/2016 at 15:07. The issue is now resolved."
INC0008069,Active,False,Sapphire,BlueJay,Pakistan,"Incident INC0008069, related to the BlueJay product by vendor Sapphire in Pakistan, was opened on 17/03/2016 at 08:17 with medium impact and urgency, and moderate priority. The incident was active, met the SLA, resolved on 18/03/2016 at 06:52, and closed on 24/03/2016 at 19:01. No knowledge article was created."
INC0025101,Resolved,False,Sapphire,Glaucus,Peru,"Incident INC0025101, related to the Sapphire Glaucus product in Peru, was a medium impact and urgency issue with moderate priority. The incident was opened on 2/5/2016 at 17:16, resolved promptly by 17:22 the same day, meeting the SLA, and eventually closed on 7/5/2016 at 18:07. The incident is now resolved and was not documented in the knowledge base."
INC0009225,New,False,Emerald,Frog,South Korea,"Incident INC0009225, related to the Frog product from vendor Emerald in South Korea, was opened on 21 March 2016 and resolved by 23 March 2016, with closure on 28 March 2016. Classified with medium impact and urgency, and moderate priority, the incident was handled within SLA but did not generate any knowledge articles. The current state of the incident is New."
INC0009067,Closed,False,Ruby,Fox,Hungary,"Incident INC0009067, related to the Ruby vendor's Fox product in Hungary, was opened on 19/03/2016 and closed on 24/03/2016. It had a medium impact and urgency, with a moderate priority. The incident was resolved within SLA and is now closed."
INC0019921,Awaiting User Info,False,Sapphire,Glaucus,United Kingdom,"Incident INC0019921, related to the Sapphire Glaucus product in the United Kingdom, was opened on 15/04/2016 with medium impact and urgency, and a moderate priority. The ticket met its SLA and was resolved on 25/04/2016, then closed on 30/04/2016. The current state is ""Awaiting User Info,"" and no knowledge article was created."
INC0008842,New,False,Ruby,Shrimp,Austria,"Incident INC0008842, related to the Ruby vendor's Shrimp product in Austria, was opened on 18/3/2016 at 14:34 with medium impact and urgency, resulting in a moderate priority. The incident met its SLA, was resolved the same day at 16:27, and was closed on 24/3/2016 at 19:02. The incident is currently in a new state and has no associated knowledge article."
INC0000612,Active,True,Emerald,Turtle,Australia,"Incident INC0000612, related to the product Turtle from vendor Emerald in Australia, was opened on 1/3/2016 at 10:49 with a medium impact and urgency, resulting in a moderate priority. The incident met the SLA, was resolved on 2/3/2016 at 10:58, and closed on 7/3/2016 at 11:00. The incident is currently marked as active and has associated knowledge documentation."
INC0024975,Active,False,Emerald,Boa,Singapore,"Incident INC0024975, related to the product Boa from vendor Emerald in Singapore, was opened on 2/5/2016 14:30 with medium impact and urgency, and moderate priority. The incident remained active, met the SLA, was resolved on 4/5/2016 12:01, and closed on 9/5/2016 12:07. No knowledge article was created."
INC0004412,New,True,Ruby,Ant,Romania,"Incident INC0004412, related to Ruby's Ant product in Romania, was opened on 8/3/2016 due to a medium impact and urgency issue, assigned a moderate priority. The incident met the SLA, was resolved on 21/3/2016, and closed on 26/3/2016. Knowledge resources were available for this case."
INC0020225,New,False,Ruby,Fox,India,"Incident INC0020225 was opened on 18/4/2016 at 09:29 with medium impact and urgency, resulting in a moderate priority. The issue involved the Fox product from vendor Ruby in India. The incident met its SLA, was resolved on the same day at 14:52, and subsequently closed on 23/4/2016 at 15:07. The incident is currently in a new state and has no associated knowledge articles."
INC0003015,New,True,Ruby,Shrimp,Romania,"Incident INC0003015, related to the Ruby vendor's Shrimp product in Romania, was opened on July 3, 2016. It had a medium impact and urgency, with a moderate priority. The incident met its SLA, was resolved by March 18, 2016, and closed on March 24, 2016. The incident is currently in a New state and knowledge articles are available."
INC0012584,Awaiting User Info,False,Ruby,Fox,Belgium,"Incident INC0012584, related to the Ruby vendor's Fox product in Belgium, was opened on 29/3/2016 and had a medium impact and urgency with moderate priority. The incident met the SLA and was resolved by 30/3/2016 but remained in ""Awaiting User Info"" state until it was closed on 4/4/2016. No knowledge article was created for this incident."
INC0007981,Resolved,False,Ruby,Ant,Greece,"Incident INC0007981, involving the Ruby vendor's Ant product in Greece, was opened on 16/03/2016 and resolved by 28/03/2016. The incident had a medium impact and urgency, resulting in a moderate priority. It met the SLA and was ultimately closed on 02/04/2016."
INC0008940,New,False,Ruby,Shrimp,New Zealand,"Incident INC0008940, related to the Ruby vendor's Shrimp product in New Zealand, was opened on 18/03/2016 with medium impact and urgency, assigned a moderate priority. The incident met its SLA, was resolved on 28/04/2016, and closed on 03/05/2016. The incident is currently in a new state and not linked to any knowledge articles."
INC0023453,Closed,False,Ruby,LadyBug,Switzerland,"Incident INC0023453, related to the Ruby vendor's LadyBug product in Switzerland, was a medium-impact and medium-urgency issue with moderate priority. It was opened on April 28, 2016, at 07:31, resolved shortly after at 07:32 the same day, and closed on May 3, 2016, at 08:07. The incident met the SLA requirements and is now closed."
INC0008798,Awaiting User Info,False,Emerald,Boa,Bolivia,"Incident INC0008798, related to the Boa product by vendor Emerald in Bolivia, was opened on 18/3/2016 at 13:25 with a medium impact and urgency, resulting in moderate priority. The incident met its SLA, remained in the ""Awaiting User Info"" state, and was resolved on 22/3/2016 at 11:46 before being closed on 27/3/2016 at 11:59. No knowledge article was created."
INC0014291,New,False,Emerald,Croc,Mexico,"Incident INC0014291 was opened on 1/4/2016 at 17:08 with a medium impact and urgency, resulting in a moderate priority. The incident, involving the Emerald vendor’s Croc product in Mexico, met its SLA. It was resolved on the same day at 18:06 and closed on 6/4/2016 at 18:59. The incident is currently in a New state and is not linked to any knowledge articles."
INC0017525,Awaiting User Info,False,Emerald,Frog,Japan,"Incident INC0017525, related to the Frog product from vendor Emerald in Japan, was opened on 11/4/2016 with a medium impact and urgency, and a moderate priority. The incident is currently awaiting user information. It met the SLA, was resolved on 4/5/2016, and closed on 9/5/2016. Knowledge base article creation was not completed."
INC0027290,Closed,False,Ruby,Fox,Croatia,"Incident INC0027290, related to the product Fox from vendor Ruby in Croatia, was a medium impact and urgency issue with moderate priority. It was opened on 9/5/2016 at 08:47, resolved quickly by 08:56 the same day, and closed on 14/5/2016 at 09:07. The incident met its SLA and is now closed."
INC0005938,Resolved,False,Sapphire,Peacock,Nigeria,"Incident INC0005938, with medium impact and urgency (priority 3 - Moderate), related to the product Peacock from vendor Sapphire in Nigeria, was opened on 11/3/2016. The incident was resolved on 28/3/2016, met the SLA requirements, and was closed on 2/4/2016. The issue did not involve any knowledge articles."
INC0008208,Resolved,False,Sapphire,Peacock,Greece,"Incident INC0008208, related to the Peacock product by vendor Sapphire in Greece, was opened on 17th March 2016 at 10:24 with a medium impact and urgency, and moderate priority. The incident was resolved the same day at 15:26, meeting the SLA, and ultimately closed on 24th March 2016 at 19:02. The incident state is resolved, and no knowledge article was created."
INC0000303,Resolved,True,Ruby,Shrimp,United Arab Emirates,"Incident INC0000303, related to the Ruby Shrimp product in the United Arab Emirates, was opened on 29/2/2016 and resolved on 10/3/2016, with closure on 24/3/2016. The incident had a low impact, urgency, and priority (all rated 3 or 4) and met the SLA. The case was documented in the knowledge base."
INC0002325,Awaiting User Info,True,Emerald,Frog,Kenya,"Incident INC0002325, a high-impact and high-urgency critical priority issue involving the Frog product from vendor Emerald in Kenya, was opened on 4/3/2016. The incident met its SLA, was resolved by 9/3/2016, and closed on 14/3/2016. Currently, it is awaiting user information."
INC0018342,Active,False,Ruby,Fox,Thailand,"Incident INC0018342 involved the Ruby vendor's Fox product in Thailand. It was opened on April 12, 2016, at 17:15 with a medium impact and urgency, leading to a moderate priority classification. The incident was active and met the SLA, was resolved by April 13, 2016, at 16:10, and closed on April 18, 2016, at 16:14. No knowledge article was created."
INC0023183,New,False,Sapphire,Glaucus,Israel,"Incident INC0023183, categorized as medium impact and urgency with moderate priority, was opened on 27/4/2016 and resolved by 28/4/2016, within the SLA. The issue involved the Sapphire vendor's Glaucus product in Israel and was closed on 3/5/2016."
INC0026319,Active,False,Sapphire,BlueTang,Indonesia,"Incident INC0026319, related to the Sapphire BlueTang product in Indonesia, was opened on 5 May 2016 and closed on 17 May 2016. It had a medium impact and urgency, resulting in a moderate priority. The incident met its SLA but did not have associated knowledge documentation."
INC0003056,Active,True,Emerald,Turtle,Nigeria,"Incident INC0003056, related to the Turtle product from Emerald in Nigeria, was opened on July 3, 2016, at 08:18 with medium impact and urgency, and moderate priority. The incident met its SLA, was resolved the same day by 11:53, and closed on March 24, 2016, at 18:40. Knowledge documentation is available."
INC0007290,Closed,False,Sapphire,BlueTang,Ukraine,"Incident INC0007290, related to the product BlueTang by vendor Sapphire in Ukraine, was a medium-impact and medium-urgency issue with a moderate priority. It was opened on 15/03/2016 at 13:12, resolved quickly by 13:17 the same day, but closed later on 24/03/2016 at 19:01. The incident did not meet the SLA and was not documented in the knowledge base. The incident status is closed."
INC0013313,Active,False,Ruby,Shrimp,Colombia,"Incident INC0013313, related to the Ruby vendor's Shrimp product in Colombia, was opened on 31/03/2016 and had a medium impact and urgency, resulting in a moderate priority. The incident met its SLA, was resolved on 05/09/2016, and closed on 10/09/2016. The incident is currently active and not linked to any knowledge articles."
INC0027849,Active,False,Emerald,Frog,Switzerland,"Incident INC0027849, impacting Switzerland and related to the Frog product by vendor Emerald, was opened on 10/5/2016 at 11:12 with medium impact and urgency, and a moderate priority. The incident was resolved the same day at 11:33, met the SLA requirements, and was closed on 15/5/2016. The incident remains active in the system, and no knowledge article was created."
INC0028402,Awaiting User Info,False,Emerald,Boa,Argentina,"Incident INC0028402, related to the Emerald vendor's Boa product in Argentina, was opened on 11/5/2016 with a medium impact and urgency, leading to a moderate priority. The incident met its SLA and remained in the ""Awaiting User Info"" state. It was resolved on 13/5/2016 and closed on 18/5/2016. No knowledge article was created."
INC0003604,Active,True,Ruby,Ant,Colombia,"Incident INC0003604 is currently active with a medium impact and urgency, assigned a moderate priority. It was opened on July 3, 2016, at 14:10 and has met its SLA. The issue involves the Ruby vendor's Ant product in Colombia. Although initially resolved on April 1, 2016, at 12:21, the incident was closed later on April 6, 2016, at 12:59. Relevant knowledge resources are available for this incident."
INC0005911,Active,False,Ruby,LadyBug,Ireland,"Incident INC0005911, related to the Ruby LadyBug product in Ireland, was opened on 11/3/2016 with medium impact and urgency, resulting in a moderate priority. The incident was active and met the SLA, resolved on 21/3/2016, and closed on 26/3/2016. No knowledge article was created."
INC0003802,Resolved,True,Ruby,Shrimp,Morocco,"Incident INC0003802, related to the product Shrimp by vendor Ruby in Morocco, was opened on 7th March 2016. It had a medium impact and urgency, resulting in a moderate priority. The incident was resolved on 9th March 2016, met the SLA, and was closed on 24th March 2016. Knowledge documentation was created for this case."
INC0013455,Awaiting User Info,False,Emerald,Turtle,Germany,"Incident INC0013455, related to the product Turtle from vendor Emerald in Germany, was opened on 31/3/2016 with a medium impact and urgency, resulting in a moderate priority. The incident met its SLA and was resolved on 12/4/2016 but is currently awaiting user information. It was ultimately closed on 17/4/2016. No knowledge article was created."
INC0004141,Active,True,Sapphire,Peacock,France,"Incident INC0004141, related to the Peacock product by vendor Sapphire in France, was opened on 8/3/2016 at 10:48 with medium impact and urgency, and moderate priority. The incident met its SLA, was resolved on the same day at 11:43, and subsequently closed on 24/3/2016 at 18:41. Knowledge documentation was created during the process. Its current state is active."
INC0019452,Active,False,Emerald,Frog,Peru,"Incident INC0019452, with medium impact and urgency and moderate priority, was opened on 15/4/2016 at 08:23 and resolved the same day at 09:13. The incident, related to the product Frog from vendor Emerald in Peru, met the SLA and was closed on 20/4/2016. It remains active with no knowledge article created."
INC0016656,Awaiting User Info,False,Sapphire,Glaucus,Belgium,"Incident INC0016656, related to the Sapphire Glaucus product in Belgium, was opened on 7/4/2016 with medium impact and urgency, resulting in a moderate priority. The incident met SLA requirements and was resolved on 25/4/2016 but remained in an ""Awaiting User Info"" state before being closed on 30/4/2016. No knowledge article was created."
INC0014097,New,False,Emerald,Turtle,Switzerland,"Incident INC0014097, opened on 1/4/2016 at 13:23 in Switzerland, involved the product Turtle from vendor Emerald. It had a medium impact and urgency, resulting in a moderate priority. The incident was resolved on 6/4/2016 at 11:44 and closed on 11/4/2016 at 11:59. The service level agreement was met, and no knowledge article was created. The incident state is currently New."
INC0025118,Closed,False,Sapphire,BlueJay,Denmark,"Incident INC0025118, related to the Sapphire BlueJay product in Denmark, was opened on 2nd May 2016 and closed on 9th May 2016. It had a medium impact and urgency, resulting in a moderate priority. The incident was resolved within the SLA timeframe and is now closed."
INC0007754,Closed,False,Sapphire,Glaucus,Bolivia,"Incident INC0007754, related to the Sapphire Glaucus product in Bolivia, was opened on 16/03/2016 and closed on 24/03/2016. It had a medium impact and urgency with moderate priority. The incident was resolved by 17/03/2016, met the SLA, and was closed without creating a knowledge article."
INC0025458,New,False,Emerald,Turtle,Japan,"Incident INC0025458 was opened on 3/5/2016 at 14:13 with medium impact and urgency, resulting in a moderate priority. The issue involved the Turtle product from vendor Emerald in Japan. The incident met the SLA, was resolved quickly by 14:18 the same day, and was eventually closed on 8/5/2016 at 15:07."
INC0011250,Resolved,False,Ruby,LadyBug,Australia,"Incident INC0011250, related to the Ruby LadyBug product in Australia, was a high-impact and high-urgency issue with critical priority. It was opened on 24/03/2016 at 17:02 and resolved by 30/03/2016 at 11:41, meeting the SLA. The incident was subsequently closed on 04/04/2016 at 11:59. Knowledge base documentation was not created for this incident."
INC0004908,Resolved,True,Sapphire,Peacock,Egypt,"Incident INC0004908, related to the Peacock product by Sapphire in Egypt, was opened on 9 March 2016 and resolved by 15 March 2016, with closure on 24 March 2016. The incident had a medium impact and urgency, with a moderate priority. The SLA was met, and knowledge was documented. The incident is now resolved."
INC0019839,New,False,Emerald,Frog,Sweden,"Incident INC0019839 was opened on 15 April 2016 at 14:44 with a medium impact and urgency, resulting in a moderate priority. The issue involved the Frog product from vendor Emerald in Sweden. The incident met the SLA, was resolved on 18 April 2016 at 17:46, and closed on 23 April 2016 at 18:07. The incident state is currently New, and no knowledge article was created."
INC0013958,Active,False,Sapphire,BlueTang,Chile,"Incident INC0013958, related to the Sapphire BlueTang product in Chile, had a medium impact and urgency, resulting in a moderate priority. The incident was opened on January 4, 2016, and resolved by April 4, 2016, meeting SLA requirements. It was eventually closed on April 9, 2016. The incident remains active and does not have an associated knowledge article."
INC0008661,Awaiting User Info,False,Ruby,LadyBug,Canada,"Incident INC0008661, related to the LadyBug product by vendor Ruby in Canada, was opened on 18/03/2016 with a medium impact and urgency, resulting in a moderate priority. The incident met the SLA, was resolved on 22/03/2016, and closed on 27/03/2016. Its current state is ""Awaiting User Info,"" and no knowledge article was created."
INC0006934,Active,False,Emerald,Croc,Czech Republic,"Incident INC0006934, related to the Croc product from vendor Emerald in the Czech Republic, was opened on 14/3/2016 with medium impact and urgency, resulting in a moderate priority. The incident met its SLA, was resolved on 17/3/2016, and closed on 24/3/2016. The incident state is active, and no knowledge article was created."
INC0027642,Closed,False,Sapphire,BlueJay,Morocco,"Incident INC0027642 related to the Sapphire BlueJay product in Morocco was opened on 9/5/2016 at 17:08 with a medium impact and urgency, resulting in a moderate priority. The incident was resolved the same day at 17:35, met its SLA, and was ultimately closed on 14/5/2016. Knowledge base documentation was not created."
INC0016698,Resolved,False,Emerald,Croc,Ireland,"Incident INC0016698, related to the Croc product from vendor Emerald in Ireland, was opened on 7/4/2016 and resolved by 11/4/2016, with closure on 16/4/2016. The incident had a medium impact and urgency, resulting in a moderate priority. The service level agreement (SLA) was met, and no knowledge article was created. The incident state is now resolved."
INC0007358,Closed,False,Sapphire,Peacock,Malaysia,"Incident INC0007358, related to the Peacock product by vendor Sapphire in Malaysia, was opened on 15 March 2016 and closed on 24 March 2016. It had a medium impact and urgency, resulting in a moderate priority. The incident did not meet the SLA and is now closed, with no knowledge article created."
INC0007646,Active,False,Sapphire,BlueJay,Norway,"Incident INC0007646, classified with medium impact and urgency (priority 3 - Moderate), was opened on 16/3/2016 at 10:15 and resolved the same day by 11:38. The incident involved the BlueJay product from vendor Sapphire in Norway. It met its SLA and was ultimately closed on 24/3/2016 at 19:01. The incident remained active for a short duration with no associated knowledge article."
INC0006253,New,False,Ruby,LadyBug,Czech Republic,"Incident INC0006253 was opened on 12/03/2016 with a medium impact and urgency, resulting in a moderate priority classification. The incident, related to the LadyBug product from vendor Ruby in the Czech Republic, met the SLA. It was resolved on 15/03/2016 and closed on 24/03/2016."
INC0004363,Active,True,Ruby,Shrimp,Germany,"Incident INC0004363, related to the Ruby vendor's Shrimp product in Germany, was opened on 8 March 2016 and had a medium impact and urgency, with a moderate priority. The incident met the SLA, was resolved on 15 March 2016, and closed on 24 March 2016. The incident is currently marked as active and has associated knowledge documentation."
INC0024205,Active,False,Emerald,Croc,Turkey,"Incident INC0024205, related to the Emerald Croc product in Turkey, was opened on 29/4/2016 with a medium impact and urgency, resulting in a moderate priority. The incident met its SLA and remained active until it was resolved on 5/5/2016 and subsequently closed on 10/5/2016. No knowledge base article was created for this incident."
INC0003732,Active,True,Emerald,Frog,Bolivia,"Incident INC0003732, related to the Frog product from vendor Emerald in Bolivia, was opened on July 3, 2016, and closed on April 11, 2016. It had a medium impact and urgency, with a moderate priority. The incident met the SLA, was marked with knowledge, and is currently active."
INC0018246,Resolved,False,Sapphire,BlueJay,Sweden,"Incident INC0018246, related to the Sapphire BlueJay product in Sweden, was reported on 12/4/2016 at 14:48 with medium impact and urgency, and moderate priority. The issue was resolved promptly by 14:51 the same day, meeting the SLA, and the ticket was closed on 17/4/2016 at 15:07. The incident is now marked as resolved, with no associated knowledge article."
INC0012584,Active,False,Emerald,Boa,Ukraine,"Incident INC0012584, related to the Boa product from vendor Emerald in Ukraine, was opened on 29/3/2016 and had a medium impact and urgency, resulting in a moderate priority. The incident met its SLA, was resolved on 30/3/2016, and closed on 4/4/2016. The incident is currently active and there is no associated knowledge article."
INC0001431,New,True,Ruby,Shrimp,Vietnam,"Incident INC0001431, reported on 2 March 2016, involved the Ruby vendor's Shrimp product in Vietnam. The incident had a medium impact and urgency, with a moderate priority. It met the SLA requirements, was resolved on 22 March 2016, and closed on 27 March 2016. Knowledge documentation was available, and the incident state was new at the time of reporting."
INC0001628,New,True,Emerald,Croc,India,"Incident INC0001628, opened on 3/3/2016 at 07:39 and closed on 8/3/2016 at 09:00, involved a medium-impact, moderate-priority issue related to the Croc product from vendor Emerald in India. The incident met the SLA and was resolved within approximately one hour on the same day it was opened."
INC0026253,New,False,Sapphire,BlueTang,Philippines,"Incident INC0026253, related to the Sapphire BlueTang product in the Philippines, was opened on May 5, 2016, with medium impact and urgency, and moderate priority. The incident met its SLA, was resolved on September 20, 2016, and closed on September 25, 2016. The incident is currently in a new state and no knowledge article was created."
INC0005059,Closed,True,Emerald,Turtle,Ecuador,"Incident INC0005059, related to the product Turtle from vendor Emerald in Ecuador, was opened on 9 March 2016 and closed on 26 March 2016. It had a medium impact and urgency, with moderate priority. The incident was resolved on 21 March 2016 but did not meet the SLA. Knowledge was documented during the process. The incident is now closed."
INC0027000,Resolved,False,Emerald,Croc,Italy,"Incident INC0027000, related to the Emerald vendor's Croc product in Italy, was opened on 6 May 2016 and resolved by 25 May 2016, subsequently closed on 30 May 2016. The incident had a medium impact and urgency, with a moderate priority. The service level agreement (SLA) was met, and the incident is now resolved."
INC0020974,Awaiting User Info,False,Ruby,Shrimp,Argentina,"Incident INC0020974, related to the Ruby Shrimp product in Argentina, was opened on 19/4/2016 with a medium impact and urgency, resulting in a moderate priority. The incident met its SLA but is currently awaiting user information. It was resolved on 26/4/2016 and closed on 1/5/2016. No knowledge article was created."
INC0006175,New,False,Emerald,Turtle,Hungary,"Incident INC0006175 was opened on 11 March 2016 with medium impact and urgency, resulting in a moderate priority. The issue involved the Turtle product from vendor Emerald in Hungary. The incident met its SLA, was resolved by 14 March 2016, and closed on 24 March 2016. The incident is currently in a new state and has no associated knowledge article."
INC0011688,Resolved,False,Sapphire,Peacock,Turkey,"Incident INC0011688, related to the Peacock product by vendor Sapphire in Turkey, was opened on 28/3/2016 and resolved by 5/4/2016, subsequently closed on 10/4/2016. The incident had a medium impact and urgency, resulting in a moderate priority. The issue was resolved within the SLA, and no knowledge article was created."
INC0019451,Closed,False,Ruby,Fox,Morocco,"Incident INC0019451, related to the Ruby vendor's Fox product in Morocco, was opened on 15/04/2016 and closed on 24/04/2016. It had a medium impact and urgency, with a moderate priority. The incident met the SLA and was resolved by 19/04/2016. The incident is now closed, and no knowledge article was created."
INC0005814,Active,False,Emerald,Frog,Colombia,"Incident INC0005814, related to the Frog product from vendor Emerald in Colombia, was opened on 11/3/2016 with medium impact and urgency, and a moderate priority. The incident remained active and met its SLA, was resolved on 16/3/2016, and closed on 24/3/2016. No knowledge article was created."
INC0014729,Active,False,Sapphire,Glaucus,New Zealand,"Incident INC0014729, related to the Sapphire Glaucus product in New Zealand, was opened on 4 April 2016 and had a medium impact and urgency, resulting in a moderate priority. The incident met its SLA, was resolved on 12 April 2016, and closed on 17 April 2016. The incident is currently marked as active and does not have associated knowledge documentation."
INC0019528,Active,False,Sapphire,BlueJay,Thailand,"Incident INC0019528 is currently active with a medium impact and urgency, classified as moderate priority. It was opened on April 15, 2016, at 09:39 and resolved by April 20, 2016, 17:04, then closed on April 25, 2016, 17:07. The incident met its SLA requirements. It involves the Sapphire vendor and the BlueJay product in Thailand, with no associated knowledge articles."
INC0005528,New,True,Ruby,Fox,Switzerland,"Incident INC0005528, related to the Ruby vendor's Fox product in Switzerland, was opened on October 3, 2016. It had a medium impact and urgency, with a moderate priority level. The incident was resolved on December 4, 2016, met the SLA requirements, and was officially closed on April 17, 2016. Knowledge resources were utilized during its handling."
INC0012438,Resolved,False,Emerald,Croc,Poland,"Incident INC0012438, related to the Croc product by vendor Emerald in Poland, was opened on 29/3/2016 at 10:56 with medium impact and urgency, classified as moderate priority. The incident was resolved in compliance with SLA and closed on 3/4/2016 at 11:59."
INC0007324,Active,False,Ruby,LadyBug,Australia,"Incident INC0007324, related to the Ruby vendor's LadyBug product in Australia, was opened on 15/03/2016 with a medium impact and urgency, resulting in a moderate priority. The incident met its SLA and was resolved on 23/03/2016 and closed on 28/03/2016. The incident is currently marked as active and has no associated knowledge articles."
INC0010300,Active,False,Ruby,LadyBug,Egypt,"Incident INC0010300 is currently active with a medium impact and urgency, resulting in a moderate priority. It was opened on March 23, 2016, and met its SLA. The issue involves the LadyBug product from the vendor Ruby in Egypt. The incident was resolved on April 11, 2016, and closed on April 16, 2016. No knowledge base article is associated with this incident."
INC0024883,Resolved,False,Emerald,Boa,Ukraine,"Incident INC0024883, related to the Emerald Boa product in Ukraine, was a medium impact and urgency issue with moderate priority. It was opened on 2/5/2016 at 12:00, resolved the same day by 18:23, and closed on 7/5/2016 at 19:07. The incident was resolved within the SLA. No knowledge article was created."
INC0007531,New,False,Emerald,Boa,Romania,"Incident INC0007531, related to the Boa product from vendor Emerald in Romania, was opened on 16/03/2016 at 08:23. It had a medium impact and urgency, resulting in a moderate priority. The incident met its SLA, was resolved by 17/03/2016 at 09:56, and closed on 24/03/2016 at 19:01. The incident state is currently New, and no knowledge article was created."
INC0014379,New,False,Ruby,Fox,Romania,"Incident INC0014379, classified with medium impact and urgency and moderate priority, was opened on 2/4/2016 at 08:48 and resolved the same day by 11:33. The incident involved the Ruby vendor's Fox product in Romania, met its SLA, and was closed on 7/4/2016. No knowledge article was created."
INC0028812,New,False,Ruby,Ant,Turkey,"Incident INC0028812, categorized with medium impact and urgency and moderate priority, was opened on 12/5/2016 and resolved by 17/5/2016, finally closing on 22/5/2016. The issue involved the Ruby vendor's Ant product in Turkey. The SLA was met, but no knowledge article was created."
INC0026928,Resolved,False,Emerald,Frog,Brazil,"Incident INC0026928, related to the Emerald Frog product in Brazil, was opened on June 5, 2016, at 14:42 with medium impact and urgency, and moderate priority. The incident was resolved quickly by 14:48 the same day and was closed on June 11, 2016, meeting the SLA. No knowledge article was created."
INC0027393,New,False,Sapphire,Glaucus,Vietnam,"Incident INC0027393, impacting the Glaucus product by vendor Sapphire in Vietnam, was opened on 9/5/2016 at 10:43 with medium impact and urgency, assigned a moderate priority. The incident is currently in a new state, has met SLA requirements, and was resolved on 30/8/2016 and closed on 4/9/2016. No knowledge article was created."
INC0012776,Resolved,False,Sapphire,Glaucus,Switzerland,"Incident INC0012776, related to the Sapphire Glaucus product in Switzerland, was opened on 30/3/2016 at 06:22 with medium impact and urgency, and a moderate priority. The incident was resolved quickly within one minute at 06:23 the same day, met the SLA, and was subsequently closed on 4/4/2016."
INC0017673,Closed,False,Ruby,Shrimp,Austria,"Incident INC0017673, related to the Ruby vendor's Shrimp product in Austria, was opened on 11/4/2016 at 13:34 with medium impact and urgency, and moderate priority. The incident was resolved within the SLA by 11/4/2016 at 13:44 and was closed on 16/4/2016 at 14:07. The incident state is closed and no knowledge article was created."
INC0007568,New,False,Emerald,Croc,Hungary,"Incident INC0007568 was opened on 16/03/2016 with medium impact and urgency, assigned a moderate priority. The issue involved the Croc product from vendor Emerald in Hungary. The incident met its SLA, was resolved on 18/03/2016, and closed on 24/03/2016. The knowledge base was not updated."
INC0013576,New,False,Ruby,Ant,Ecuador,"Incident INC0013576, related to the Ruby vendor's Ant product in Ecuador, was opened on 31/03/2016 at 14:17 with medium impact and urgency, resulting in a moderate priority. The incident met the SLA, was resolved on 04/04/2016 at 16:27, and closed on 09/04/2016 at 16:59. The incident is currently in a New state and no knowledge article was created."
INC0014813,Awaiting Problem,False,Sapphire,BlueTang,Norway,"Incident INC0014813, related to the BlueTang product by vendor Sapphire in Norway, was opened on April 4, 2016, with a medium impact and urgency, assigned a moderate priority. The incident met its SLA and was resolved on April 5, 2016, then closed on April 10, 2016. The current state is ""Awaiting Problem,"" and no knowledge article was created."
INC0012937,Resolved,False,Emerald,Boa,Peru,"Incident INC0012937, related to the Boa product from vendor Emerald in Peru, was opened on 30/3/2016 and resolved on 27/6/2016. It had a medium impact and urgency, resulting in a moderate priority. The incident met the SLA and was closed on 2/7/2016. The incident state is resolved and no knowledge article was created."
INC0004515,Closed,True,Sapphire,BlueTang,France,"Incident INC0004515, related to the BlueTang product by vendor Sapphire in France, was opened on 9/3/2016 at 00:28 with a medium impact and urgency, resulting in a moderate priority. The incident was resolved the same day at 09:53 but was closed later on 24/3/2016 at 18:41. The incident was marked as closed, did not meet the SLA, and included knowledge documentation."
INC0007534,Active,False,Sapphire,Glaucus,Switzerland,"Incident INC0007534 for the product Glaucus, reported in Switzerland and managed by vendor Sapphire, was opened on 16/03/2016 at 08:27 with a medium impact and urgency, resulting in a moderate priority. The incident met its SLA, was resolved the same day at 10:23, and ultimately closed on 24/03/2016 at 19:01. The incident is currently marked as active and does not have an associated knowledge article."
INC0004932,Awaiting User Info,True,Emerald,Boa,Australia,"Incident INC0004932, related to the Boa product by vendor Emerald in Australia, was opened on 9/3/2016 with a medium impact and urgency, resulting in a moderate priority. The incident met its SLA and is currently awaiting user information. It was resolved on 17/3/2016 and closed on 24/3/2016."
INC0013197,Resolved,False,Ruby,Fox,Egypt,"Incident INC0013197, related to the Ruby vendor's Fox product in Egypt, was opened on 30/3/2016 and resolved by 8/4/2016. The incident had a medium impact and urgency, with a moderate priority. The service level agreement was met, and the incident was closed on 13/4/2016. Knowledge documentation was not created."
INC0013006,Resolved,False,Sapphire,BlueTang,Peru,"Incident INC0013006, affecting the BlueTang product by vendor Sapphire in Peru, was opened on 30/3/2016 with medium impact and urgency, and a moderate priority. The incident was resolved on 7/4/2016 and subsequently closed on 12/4/2016. Service level agreements were met."
INC0003731,Active,True,Ruby,LadyBug,Malaysia,"Incident INC0003731, related to the LadyBug product by vendor Ruby in Malaysia, was a high-impact, high-urgency critical priority case. It was opened on 7/3/2016 at 15:46 and resolved by 8/3/2016 at 15:28, meeting the SLA requirements. The incident remained active until it was closed on 13/3/2016 at 16:00. Knowledge resources were available for this incident."
INC0005752,Active,False,Emerald,Boa,Canada,"Incident INC0005752, related to the Emerald vendor's Boa product in Canada, was opened on 11/3/2016 and had a medium impact and urgency, resulting in a moderate priority. The incident met its SLA, was resolved on 23/3/2016, and closed on 28/3/2016. The incident remains active and no knowledge article was created."
INC0027418,Closed,False,Ruby,Fox,China,"Incident INC0027418, related to the Ruby vendor's Fox product in China, was opened on 9/5/2016 and closed on 16/5/2016. It had a low impact, urgency, and priority level. The incident met the SLA and was resolved on 11/5/2016. Knowledge documentation was not created."
INC0016036,Closed,False,Ruby,Fox,Croatia,"Incident INC0016036, related to the Ruby vendor's Fox product in Croatia, was opened on 6 April 2016 and closed on 12 April 2016. It had a medium impact and urgency, with a moderate priority. The incident met its SLA and was resolved by 7 April 2016."
INC0014618,Active,False,Ruby,Fox,United Kingdom,"Incident INC0014618, related to the Ruby vendor's Fox product in the United Kingdom, was opened on 4/4/2016 at 08:51 with a medium impact and urgency, and a moderate priority. The incident was resolved the same day at 10:06, met the SLA requirements, and was closed on 9/4/2016. The incident is currently marked as active and no knowledge article was created."
INC0013953,Awaiting User Info,False,Ruby,Fox,Indonesia,"Incident INC0013953, related to the product Fox by vendor Ruby in Indonesia, was opened on 1 April 2016 with medium impact and urgency, assigned a moderate priority. The incident met its SLA but is currently awaiting user information. It was resolved on 5 April 2016 and closed on 10 April 2016."
INC0000741,Awaiting User Info,True,Ruby,Shrimp,Thailand,"Incident INC0000741, related to the Ruby Shrimp product in Thailand, was opened on March 1, 2016. It had a medium impact and urgency, resulting in a moderate priority. The incident met its SLA and was resolved by March 14, 2016, but remains in the state ""Awaiting User Info"" as of the last update. The ticket was officially closed on March 24, 2016. Knowledge resources were associated with this incident."
INC0015037,Active,False,Sapphire,BlueTang,Ireland,"Incident INC0015037 is currently active with medium impact and urgency, resulting in a moderate priority. It was opened on April 4, 2016, and met the SLA. The incident involves the BlueTang product from vendor Sapphire in Ireland. It was resolved on April 12, 2016, and closed on April 17, 2016. No knowledge article has been created for this incident."
INC0018621,Active,False,Sapphire,Glaucus,Morocco,"Incident INC0018621, related to the Sapphire Glaucus product in Morocco, was opened on 13/4/2016 with a medium impact and urgency, resulting in a moderate priority. The incident met its SLA, remained active for about two weeks, was resolved on 28/4/2016, and closed on 3/5/2016. Knowledge documentation was not created."
INC0013065,Closed,False,Ruby,Fox,Mexico,"Incident INC0013065, categorized with medium impact and urgency and moderate priority, was opened on 30/03/2016 at 13:55 in Mexico involving the Fox product by vendor Ruby. The incident was resolved the same day at 15:22, meeting the SLA, and was officially closed on 04/04/2016."
INC0000896,Resolved,True,Emerald,Frog,Denmark,"Incident INC0000896, involving the Frog product from vendor Emerald in Denmark, was opened on 1/3/2016 and resolved by 2/3/2016, with a medium impact and urgency level. The incident, marked as resolved and meeting SLA requirements, was closed on 7/3/2016. Knowledge documentation is available."
INC0008352,Resolved,False,Sapphire,BlueJay,Malaysia,"Incident INC0008352, related to the Sapphire BlueJay product in Malaysia, was opened on 17/3/2016 due to a medium-impact and medium-urgency issue, assigned a moderate priority. The incident was resolved by 22/3/2016 and closed on 27/3/2016, meeting the SLA requirements."
INC0005489,Active,True,Sapphire,BlueTang,Switzerland,"Incident INC0005489, related to the BlueTang product by vendor Sapphire in Switzerland, was opened on 10/3/2016 and had a medium impact and urgency with moderate priority. The incident met its SLA and was resolved by 15/3/2016, then closed on 24/3/2016. The incident remains active and knowledge has been documented."
INC0017822,Closed,False,Ruby,LadyBug,Spain,"Incident INC0017822, categorized with medium impact and urgency (priority 3 - moderate), was opened on 11/4/2016 and resolved by 12/4/2016. The case involved the Ruby vendor and their LadyBug product in Spain. The incident met its SLA and was closed on 17/4/2016. No knowledge article was created."
INC0009857,Closed,False,Emerald,Boa,Colombia,"Incident INC0009857, related to the Boa product from vendor Emerald in Colombia, was opened on 22/03/2016 at 09:55 with a medium impact and urgency, and moderate priority. The incident was resolved on 23/03/2016 at 17:08 and closed on 28/03/2016 at 17:59, meeting the SLA requirements. The incident is now closed, and no knowledge article was created."
INC0003997,Active,True,Emerald,Croc,Ukraine,"Incident INC0003997, related to the Croc product by vendor Emerald in Ukraine, was opened on 8/3/2016 and had a medium impact and urgency, resulting in a moderate priority. The incident was active with an SLA met, resolved on 15/3/2016, and closed on 24/3/2016. Knowledge resources were utilized during the process."
INC0004353,Resolved,True,Ruby,LadyBug,New Zealand,"Incident INC0004353, related to the Ruby vendor's LadyBug product in New Zealand, was opened on 8 March 2016 and had a medium impact and urgency with moderate priority. The incident met the SLA, was resolved on 21 March 2016, and closed on 26 March 2016. Knowledge documentation was created during the process. The incident is now resolved."
INC0028222,Closed,False,Sapphire,Glaucus,Peru,"Incident INC0028222, related to the Sapphire Glaucus product in Peru, was opened on 11/5/2016 at 09:09 and closed on 17/5/2016 at 16:07. It had a medium impact and urgency, with a moderate priority. The incident was resolved by 12/5/2016 at 15:21, met the SLA, and is now closed. No knowledge article was created."
INC0017095,Closed,False,Sapphire,BlueJay,India,"Incident INC0017095, related to the Sapphire BlueJay product in India, was opened on 8/4/2016 and closed on 17/4/2016. It had a medium impact and urgency, with a moderate priority. The incident met the SLA and was resolved by 12/4/2016. Knowledge documentation was not created."
INC0009493,Resolved,False,Ruby,Fox,France,"Incident INC0009493, related to the Ruby vendor's Fox product in France, was opened on 21 March 2016 and resolved by 21 April 2016, meeting the SLA. The incident had medium impact and urgency, with a moderate priority. It was closed on 26 April 2016."
INC0018301,Resolved,False,Emerald,Frog,Bolivia,"Incident INC0018301, related to the Frog product by vendor Emerald in Bolivia, was a medium impact and urgency issue with moderate priority. It was opened on April 12, 2016, at 16:04, resolved by April 14, 2016, at 14:52, and closed on April 19, 2016, at 15:07. The incident was resolved within SLA, and no knowledge article was created."
INC0027079,Active,False,Ruby,Shrimp,Spain,"Incident INC0027079, related to the Ruby vendor's Shrimp product in Spain, was opened on June 5, 2016, at 23:47 with medium impact and urgency, assigned a moderate priority. The incident met its SLA, was resolved within minutes at 23:55 the same day, and closed on June 12, 2016. The incident is currently marked as active with no associated knowledge base articles."
INC0002332,Active,True,Sapphire,BlueJay,Romania,"Incident INC0002332, related to the BlueJay product by vendor Sapphire in Romania, was opened on April 3, 2016, and resolved on June 28, 2016, before being closed on July 3, 2016. The incident had a medium impact and urgency, with moderate priority, and met the SLA requirements. The incident is currently active and has associated knowledge documentation."
INC0010842,Active,False,Emerald,Turtle,Norway,"Incident INC0010842, related to the product Turtle from vendor Emerald in Norway, was opened on 24/3/2016 at 08:37 with a medium impact and urgency, resulting in a moderate priority. The incident met its SLA and was resolved on 29/3/2016 at 11:20, then closed on 3/4/2016 at 11:59. The incident is currently active and not marked as knowledge-based."
INC0021896,Closed,False,Sapphire,BlueTang,Czech Republic,"Incident INC0021896, related to the Sapphire BlueTang product in the Czech Republic, was opened on 23/4/2016 at 00:16 with medium impact and urgency, and moderate priority. The incident was resolved shortly after, at 00:29 the same day, met the SLA, and was fully closed on 28/4/2016. The incident is now closed and did not involve knowledge base documentation."
INC0009900,Active,False,Sapphire,Peacock,Portugal,"Incident INC0009900, related to the Peacock product from vendor Sapphire in Portugal, was opened on 22 March 2016 and had a medium impact and urgency, with a moderate priority. The incident was active, met its SLA, resolved on 11 April 2016, and closed on 16 April 2016."
INC0014770,New,False,Emerald,Croc,Croatia,"Incident INC0014770, related to the product Croc from vendor Emerald in Croatia, was opened on April 4, 2016, with a medium impact and urgency, resulting in a moderate priority. The incident met the SLA, was resolved on April 29, 2016, and closed on May 4, 2016. The current incident state is New, and no knowledge article was created."
INC0006611,New,False,Ruby,Shrimp,Israel,"Incident INC0006611 was opened on 14/3/2016 at 11:06 in Israel, involving the Ruby vendor’s Shrimp product. It had a medium impact and urgency, resulting in a moderate priority. The incident met the SLA, was resolved the same day at 11:18, and closed on 24/3/2016. Knowledge base entry was not created."
INC0008451,Awaiting User Info,False,Sapphire,Peacock,Austria,"Incident INC0008451, related to the Peacock product from vendor Sapphire in Austria, was opened on 17/3/2016 with a medium impact and high urgency, resulting in a high priority status. The incident met its SLA but is currently awaiting user information. It was resolved on 29/3/2016 and closed on 3/4/2016. No knowledge article was created."
INC0009911,New,False,Ruby,Ant,Switzerland,"Incident INC0009911 was opened on 22 March 2016 at 10:40 with medium impact and urgency, and a moderate priority. The incident was addressed within SLA, resolved the same day at 12:07, and subsequently closed on 27 March 2016 at 12:59. The issue involved the product Ant from the vendor Ruby, and occurred in Switzerland."
INC0021294,Closed,False,Ruby,Shrimp,Thailand,"Incident INC0021294, related to the Shrimp product from vendor Ruby in Thailand, was classified with medium impact and urgency, resulting in a moderate priority. It was opened on April 20, 2016, at 11:39 and resolved the same day by 14:05, meeting the SLA. The incident was officially closed on April 25, 2016. No knowledge article was created."
INC0003206,Awaiting User Info,True,Sapphire,Peacock,Sweden,"Incident INC0003206, associated with the Peacock product by vendor Sapphire in Sweden, was opened on July 3, 2016. It had a medium impact and urgency, resulting in moderate priority. The incident met its SLA but is currently awaiting user information. It was resolved on April 18, 2016, and closed on April 23, 2016. Knowledge documentation is available."
INC0007115,Resolved,False,Emerald,Boa,Spain,"Incident INC0007115, related to the Emerald vendor's Boa product in Spain, was a medium-impact and medium-urgency issue assigned a moderate priority. It was opened on 15/03/2016 and resolved by 22/03/2016, meeting the SLA requirements. The incident was ultimately closed on 27/03/2016. Knowledge documentation was not created for this incident."
INC0012821,Closed,False,Ruby,Ant,Kenya,"Incident INC0012821, related to the Ant product by vendor Ruby in Kenya, was opened on 30/3/2016 at 08:25 with a medium impact and urgency, resulting in a moderate priority. The issue was resolved the same day by 09:45, met the SLA, and the incident was closed on 4/4/2016. The incident state is closed, and no knowledge article was created."
INC0000179,Closed,True,Ruby,Shrimp,Nigeria,"Incident INC0000179, related to the Ruby vendor's Shrimp product in Nigeria, was opened on 29/02/2016 and closed on 07/03/2016. It had a medium impact and urgency, resulting in a moderate priority. The incident met the SLA, was resolved by 02/03/2016, and knowledge documentation was created. The incident is now closed."
INC0002794,Awaiting User Info,True,Emerald,Croc,Australia,"Incident INC0002794, related to the Emerald vendor's Croc product in Australia, was opened on 5 March 2016 with a medium impact and urgency, resulting in a moderate priority. The ticket met its SLA, had associated knowledge documentation, and was resolved on 17 March 2016. As of the latest update, the incident is awaiting user information and was closed on 24 March 2016."
INC0003575,Active,True,Emerald,Frog,Belgium,"Incident INC0003575, related to the Frog product from vendor Emerald in Belgium, was opened on 7th March 2016 and had a medium impact and urgency, resulting in a moderate priority. The incident met its SLA, was resolved on 9th March 2016, and closed on 14th March 2016. The case is currently active and has associated knowledge documentation."
INC0011529,Resolved,False,Ruby,Ant,Egypt,"Incident INC0011529, related to the Ruby vendor's Ant product in Egypt, was opened on 27/3/2016 at 00:11 with medium impact and urgency, and moderate priority. The incident was resolved by 27/3/2016 at 01:12, meeting the SLA, and subsequently closed on 1/4/2016 at 01:59."
INC0002886,New,True,Emerald,Frog,Mexico,"Incident INC0002886, reported on 6/3/2016 with medium impact and urgency, was addressed within the SLA. The issue involved the Frog product from vendor Emerald in Mexico. It was resolved on 15/3/2016 and closed on 24/3/2016. The incident is currently new, with a moderate priority and associated knowledge documentation."
INC0026118,Resolved,False,Ruby,Fox,Portugal,"Incident INC0026118, related to the Ruby vendor's Fox product in Portugal, was a medium-impact, medium-urgency issue with moderate priority. It was opened on 5/5/2016 at 05:07, resolved quickly by 05:10 on the same day, met SLA requirements, and was closed on 10/5/2016 at 06:07. The incident is now resolved."
INC0001769,Awaiting User Info,True,Ruby,LadyBug,Sweden,"Incident INC0001769, related to the Ruby vendor's LadyBug product in Sweden, was opened on March 3, 2016. It was assigned a medium impact and urgency, resulting in a moderate priority. The incident met its SLA, was resolved on March 14, and closed on March 24. The current state is awaiting user information, and relevant knowledge articles are available."
INC0016421,Active,False,Emerald,Boa,China,"Incident INC0016421, related to the Boa product by vendor Emerald in China, was opened on 7/4/2016 at 10:12 with medium impact and urgency, resulting in a moderate priority. The incident was resolved promptly by 10:26 the same day and closed on 12/4/2016 at 10:59. The SLA was met, and no knowledge article was created. The current state is active."
INC0006566,New,False,Emerald,Croc,South Africa,"Incident INC0006566 was opened on 14 March 2016 at 10:32 with a medium impact and urgency, resulting in a moderate priority. The issue involved the Croc product from vendor Emerald in South Africa. The incident met its SLA, was resolved on 23 March 2016, and closed on 28 March 2016. The current state is New, and no knowledge article was created."
INC0007225,Active,False,Sapphire,Glaucus,Spain,"Incident INC0007225, related to the Sapphire Glaucus product in Spain, was opened on 15/3/2016 with medium impact and urgency, resulting in a moderate priority. The incident met its SLA, was resolved on 23/3/2016, and closed on 28/3/2016. The current state is Active, and no knowledge article was created."
INC0020210,Awaiting User Info,False,Emerald,Croc,Egypt,"Incident INC0020210, related to the Croc product from vendor Emerald in Egypt, was opened on 18/04/2016 with medium impact and urgency, resulting in moderate priority. The incident is currently awaiting user information. It met its SLA, was resolved on 04/05/2016, and closed on 09/05/2016. No knowledge article was created."
INC0014165,Active,False,Sapphire,BlueTang,Sweden,"Incident INC0014165, related to the Sapphire BlueTang product in Sweden, was opened on April 1, 2016, with medium impact and urgency, and a moderate priority. The incident met its SLA, was resolved on April 7, 2016, and closed on April 12, 2016. The ticket is currently active and not linked to any knowledge articles."
INC0024138,Closed,False,Emerald,Croc,Denmark,"Incident INC0024138, related to the product Croc by vendor Emerald in Denmark, was opened on 29/4/2016 at 11:32 with medium impact and urgency, and moderate priority. The incident was resolved promptly within a minute and closed on 4/5/2016 at 12:07. The SLA was met, and knowledge documentation was not created. The incident is now closed."
INC0008461,Awaiting User Info,False,Ruby,LadyBug,Vietnam,"Incident INC0008461, concerning the LadyBug product from vendor Ruby in Vietnam, was opened on 17/03/2016 with medium impact and urgency, resulting in a moderate priority level. The incident met its SLA and was resolved on 31/03/2016 but remains in the ""Awaiting User Info"" state as of its last update. It was finally closed on 05/04/2016."
INC0020883,Closed,False,Emerald,Frog,Hungary,"Incident INC0020883, related to the Frog product by vendor Emerald in Hungary, was opened on 19/4/2016 at 12:11 with a medium impact and urgency, and moderate priority. The incident was resolved on the same day at 12:25, met the SLA, and was closed on 24/4/2016. Knowledge documentation was not created."
INC0029050,Closed,False,Emerald,Croc,Mexico,"Incident INC0029050, related to the vendor Emerald and product Croc in Mexico, was opened on 12/5/2016 and closed on 21/5/2016. It had a medium impact and urgency level with moderate priority. The incident was resolved by 16/5/2016, met the SLA, and is now closed. No knowledge article was created."
INC0019870,Closed,False,Ruby,Fox,Indonesia,"Incident INC0019870, related to the Fox product by vendor Ruby in Indonesia, was opened on 15/04/2016 at 15:06 with a medium impact and urgency, and moderate priority. The incident was resolved quickly by 15/04/2016 15:12, met the SLA requirements, and was ultimately closed on 20/04/2016 at 16:07. The incident did not involve knowledge base documentation."
INC0009173,Active,False,Ruby,LadyBug,Morocco,"Incident INC0009173 was a medium-impact, medium-urgency issue with moderate priority involving the LadyBug product by vendor Ruby in Morocco. The incident was opened on 21/3/2016 at 07:24, resolved the same day at 07:51, and closed on 26/3/2016 at 07:59. The service level agreement (SLA) was met, and no knowledge article was created. The incident is currently marked as active."
INC0001508,Closed,False,Sapphire,Glaucus,Malaysia,"Incident INC0001508, related to the Glaucus product by vendor Sapphire in Malaysia, was opened on 2nd March 2016 with a medium impact and urgency, prioritized as moderate. The incident was resolved on 19th May 2016 and closed on 24th May 2016. The service level agreement was not met, and no knowledge article was created. The incident is now closed."
INC0016427,Active,False,Emerald,Croc,Netherlands,"Incident INC0016427, related to the Croc product from vendor Emerald in the Netherlands, was opened on 7/4/2016 at 10:17 with medium impact and urgency, resulting in a moderate priority. The incident was resolved quickly on the same day at 10:26, met its SLA, and was ultimately closed on 12/4/2016. It is currently marked as active, and no knowledge article was created."
INC0023008,Resolved,False,Sapphire,BlueTang,New Zealand,"Incident INC0023008, related to the Sapphire BlueTang product in New Zealand, was opened on 27/04/2016 and resolved by 28/04/2016, meeting the SLA. The issue had a medium impact and urgency, with a moderate priority. The incident was ultimately closed on 03/05/2016."
INC0024897,Active,False,Sapphire,Glaucus,Peru,"Incident INC0024897, related to the Sapphire Glaucus product in Peru, was opened on 2/5/2016 at 12:15 and had a medium impact and urgency, with a moderate priority. The incident was active but resolved and closed on 3/5/2016 at 18:47, meeting the SLA requirements."
INC0000480,New,True,Emerald,Turtle,South Africa,"Incident INC0000480, related to the product Turtle from vendor Emerald in South Africa, was opened on 1/3/2016 at 02:56 with medium impact and urgency, and moderate priority. The incident was resolved on the same day at 09:39, met its SLA, and was finally closed on 6/3/2016. Knowledge articles are available for this incident."
INC0022434,Resolved,False,Sapphire,Glaucus,Sweden,"Incident INC0022434, related to the Sapphire Glaucus product in Sweden, was opened on 25/4/2016 at 15:11 and resolved within the SLA. The incident had a medium impact and urgency, with a moderate priority. It was closed on 30/4/2016 at 16:07. Knowledge article was not created."
INC0028521,Active,False,Ruby,LadyBug,South Korea,"Incident INC0028521, related to the LadyBug product from vendor Ruby in South Korea, was opened on 11/5/2016 at 15:52 with a medium impact and high urgency, resulting in a high priority. The incident was active, met SLA targets, and was resolved and closed on 13/5/2016 at 13:38. Knowledge base documentation was not created."
INC0007347,Closed,False,Sapphire,Peacock,Peru,"Incident INC0007347, related to the Peacock product by vendor Sapphire in Peru, was a medium-impact, medium-urgency issue with a moderate priority. It was opened on 15 March 2016 at 14:32 and resolved by 17 March 2016 at 08:40, meeting the SLA requirements. The incident was closed shortly after resolution on 17 March 2016 at 08:41. No knowledge article was created."
INC0017420,Resolved,False,Emerald,Turtle,Germany,"Incident INC0017420, related to the Turtle product by vendor Emerald in Germany, was opened on 11/4/2016 with medium impact and urgency, and moderate priority. The incident was resolved by 20/4/2016 and closed on 25/4/2016, meeting the SLA requirements. The incident is now resolved, with no associated knowledge article."
INC0004589,Resolved,True,Emerald,Frog,Hungary,"Incident INC0004589, related to the Emerald vendor's Frog product in Hungary, was classified with medium impact and urgency, resulting in a moderate priority. The incident was opened on 9th March 2016 at 07:58, resolved on 1st April 2016 at 14:56, and closed on 6th April 2016 at 14:59. The service level agreement (SLA) was met, and knowledge documentation was created. The incident status is resolved."
INC0008977,Active,False,Ruby,Fox,Indonesia,"Incident INC0008977, related to the Ruby vendor's Fox product in Indonesia, was opened on 18/3/2016 at 19:38 with medium impact and urgency, resulting in a moderate priority. The incident was resolved the same day at 21:22 and closed on 24/3/2016 at 19:02. The SLA was met, and the incident is currently active without associated knowledge articles."
INC0012845,Active,False,Sapphire,Peacock,New Zealand,"Incident INC0012845 is currently active with a medium impact and urgency, resulting in a moderate priority. It was opened on 30/03/2016 at 08:45 and resolved on 11/04/2016 at 14:56, then closed on 16/04/2016 at 15:07. The incident met the SLA and involves the Peacock product from the vendor Sapphire, based in New Zealand. Knowledge documentation is not available."
INC0012548,New,False,Ruby,Shrimp,Croatia,"Incident INC0012548, related to the product Shrimp by vendor Ruby in Croatia, was opened on 29/3/2016 with a medium impact and urgency, resulting in a moderate priority. The incident met its SLA and was resolved on 18/4/2016, then closed on 23/4/2016. The current state is new, and no knowledge article is associated."
INC0004412,Active,True,Sapphire,Glaucus,Denmark,"Incident INC0004412, involving the Sapphire Glaucus product in Denmark, was opened on 8 March 2016 and resolved on 21 March 2016, then closed on 26 March 2016. The incident had a medium impact and urgency with a moderate priority. The service level agreement was met, and relevant knowledge documentation is available. The incident is currently active."
INC0010928,Awaiting User Info,False,Sapphire,Peacock,Poland,"Incident INC0010928, related to the Peacock product from vendor Sapphire in Poland, was opened on 24/3/2016 and had a medium impact and urgency, resulting in a moderate priority. The incident met its SLA but is currently awaiting user information. It was resolved on 11/4/2016 and closed on 16/4/2016."
INC0003219,Closed,True,Ruby,Shrimp,Greece,"Incident INC0003219, related to the ""Shrimp"" product by vendor Ruby in Greece, was opened on 7/3/2016 at 10:12 with a medium impact and urgency, resulting in a moderate priority. The incident was resolved the same day at 10:34 but closed later on 24/3/2016 at 18:40. The SLA was not met, but the incident was documented with knowledge base information. The incident is now closed."
INC0028502,New,False,Sapphire,BlueTang,Colombia,"Incident INC0028502 was opened on 11/5/2016 at 15:16 with a medium impact and urgency, resulting in a moderate priority. The issue involved the BlueTang product from vendor Sapphire in Colombia. The incident was resolved on 24/5/2016 and closed on 29/5/2016, meeting the SLA requirements. Knowledge base documentation was not created. The current state of the incident is New."
INC0027467,New,False,Sapphire,BlueTang,Chile,"Incident INC0027467, with medium impact and urgency (priority 3 - Moderate), was opened on 9/5/2016 for the Sapphire BlueTang product in Chile. The incident was resolved by 10/5/2016 and closed on 15/5/2016, meeting the SLA requirements. The incident state is currently New, and no knowledge base article was created."
INC0015401,Resolved,False,Emerald,Frog,Vietnam,"Incident INC0015401, related to the Emerald Frog product in Vietnam, was opened on 5/4/2016 with a medium impact and urgency, assigned a moderate priority. The incident met its SLA, was resolved on 8/4/2016, and closed on 13/4/2016. The incident state is resolved, and no knowledge article was created."
INC0017712,Closed,False,Sapphire,Glaucus,Peru,"Incident INC0017712, related to the Sapphire Glaucus product in Peru, was opened on 11/4/2016 with medium impact and urgency (priority 3 - Moderate). The incident was resolved on 30/6/2016 and closed on 5/7/2016. The service level agreement (SLA) was not met."
INC0014649,Resolved,False,Ruby,Ant,Bolivia,"Incident INC0014649, related to the Ruby vendor's Ant product in Bolivia, was a medium-impact and medium-urgency issue with moderate priority. It was opened on April 4, 2016, at 09:04, resolved the same day at 09:36, and closed on April 6, 2016, at 13:52. The incident met its SLA and is now resolved."
INC0005457,Resolved,False,Sapphire,BlueJay,Colombia,"Incident INC0005457, classified with medium impact and urgency and moderate priority, was opened on 10/3/2016 for the Sapphire BlueJay product in Colombia. The issue was resolved by 16/3/2016 and closed on 24/3/2016, meeting the SLA requirements."
INC0011448,Active,False,Ruby,Fox,Sweden,"Incident INC0011448, related to the Ruby vendor's Fox product in Sweden, was opened on 26/03/2016 at 08:12 with a medium impact and urgency, resulting in a moderate priority. The issue was resolved on the same day at 08:26 and closed on 31/03/2016 at 08:59. The incident met the SLA but has not yet been documented in the knowledge base. The current state is active."
INC0017286,Closed,False,Ruby,Shrimp,United Arab Emirates,"Incident INC0017286, related to the Ruby vendor's Shrimp product in the United Arab Emirates, was opened on 10/4/2016 at 08:35 with medium impact and urgency, and moderate priority. The incident was resolved quickly by 08:43 the same day, met the SLA, and was closed on 15/4/2016. The incident is now closed and did not involve any knowledge base updates."
INC0003674,Active,True,Sapphire,BlueJay,China,"Incident INC0003674 involved the Sapphire vendor's BlueJay product in China. It was opened on 7/3/2016 at 15:01 with a medium impact and high urgency, resulting in a high priority status. The incident met its SLA, was resolved by 11/3/2016 at 12:10, and closed on 24/3/2016 at 18:50. The incident is currently active and has associated knowledge documentation."
INC0010536,Resolved,False,Emerald,Frog,Saudi Arabia,"Incident INC0010536, related to the Frog product from vendor Emerald in Saudi Arabia, was opened on 23/03/2016 with low impact, urgency, and priority levels. The incident was resolved within SLA and subsequently closed on 28/03/2016. The incident state is resolved, and no knowledge article was created."
INC0020376,Awaiting User Info,False,Ruby,LadyBug,Indonesia,"Incident INC0020376, related to the LadyBug product by vendor Ruby in Indonesia, was opened on 18/4/2016 with medium impact and urgency, resulting in a moderate priority. The incident met its SLA, and after awaiting user information, it was resolved on 20/4/2016 and closed on 25/4/2016. No knowledge article was created."
INC0016417,Awaiting User Info,False,Emerald,Frog,Saudi Arabia,"Incident INC0016417, related to the product Frog from vendor Emerald in Saudi Arabia, was opened on 7/4/2016 at 10:07 with a medium impact and urgency, resulting in a moderate priority. The incident is currently awaiting user information. It met the SLA, was resolved on 18/4/2016 at 11:36, and closed on 23/4/2016 at 12:07. No knowledge article was created."
INC0019831,New,False,Sapphire,Glaucus,Greece,"Incident INC0019831, related to the Glaucus product by vendor Sapphire in Greece, was opened on 15/4/2016 with medium impact and urgency, and moderate priority. The incident met the SLA, and after being in a new state, it was resolved on 28/6/2016 and closed on 3/7/2016. No knowledge article was created."
INC0025735,Active,False,Sapphire,BlueJay,Netherlands,"Incident INC0025735 was a medium impact and urgency issue related to the BlueJay product provided by vendor Sapphire in the Netherlands. It was opened on April 5, 2016, at 09:50 and resolved by May 11, 2016, at 09:47, meeting its SLA. The incident was closed on May 16, 2016, and had a moderate priority level."
INC0020885,Closed,False,Ruby,Fox,United Arab Emirates,"Incident INC0020885, related to the Ruby vendor's Fox product in the United Arab Emirates, was opened on 19/4/2016 at 12:13 and closed on 24/4/2016 at 13:07. The incident had a medium impact and urgency, resulting in a moderate priority. The issue was resolved within the SLA and the ticket is now closed."
INC0022470,Resolved,False,Sapphire,Peacock,Switzerland,"Incident INC0022470, related to the Peacock product by vendor Sapphire in Switzerland, was opened on 25/4/2016 at 15:56 with a medium impact and urgency (priority 3 - Moderate). The incident was resolved on the same day at 23:09, meeting the SLA, and was subsequently closed on 30/4/2016 at 23:10. The incident state is resolved, and no knowledge article was created."
INC0021530,New,False,Ruby,Ant,Vietnam,"Incident INC0021530, opened on 20/4/2016 and resolved on 26/4/2016, involved a medium impact and urgency issue with moderate priority related to the product Ant by vendor Ruby in Vietnam. The incident met SLA requirements and was closed on 1/5/2016."
INC0022563,Resolved,False,Emerald,Boa,Colombia,"Incident INC0022563, related to the Emerald Boa product in Colombia, was opened on 26/4/2016 at 06:16 with a medium impact and urgency, resulting in a moderate priority. The incident was resolved promptly by 06:20 on the same day, meeting the SLA, and was later closed on 1/5/2016 at 07:07. The incident did not involve any knowledge base documentation."
INC0002028,Active,True,Emerald,Turtle,Hungary,"Incident INC0002028, affecting the Turtle product from vendor Emerald in Hungary, was opened on 3rd March 2016 and had a medium impact and urgency with moderate priority. The incident met its SLA, was resolved by 7th March 2016, and closed on 24th March 2016. The incident is currently active, and knowledge resources are available."
INC0008328,Active,False,Ruby,Shrimp,South Africa,"Incident INC0008328, related to the Ruby vendor's Shrimp product in South Africa, was opened on 17/3/2016 with medium impact and urgency, and moderate priority. The incident met the SLA, was resolved on 24/3/2016, and closed on 29/3/2016. It is currently marked as active and has no associated knowledge article."
INC0020749,Resolved,False,Ruby,Shrimp,China,"Incident INC0020749, related to the Shrimp product by vendor Ruby in China, was logged on April 19, 2016, with medium impact and urgency, and moderate priority. The incident was resolved by April 25, 2016, met the SLA, and was closed on April 30, 2016."
INC0010658,Resolved,False,Sapphire,Glaucus,Pakistan,"Incident INC0010658, categorized with medium impact and urgency and moderate priority, was opened on 23/3/2016 and resolved by 24/3/2016, meeting the SLA requirements. The issue involved the Glaucus product from vendor Sapphire in Pakistan and was ultimately closed on 29/3/2016."
INC0007484,Active,False,Ruby,Ant,Turkey,"Incident INC0007484, related to the product Ant from vendor Ruby in Turkey, was opened on 15/03/2016 at 21:50 with a medium impact and urgency, resulting in a moderate priority. The incident was actively managed, met its SLA, and was resolved on 20/04/2016 at 10:01, then closed on 25/04/2016 at 10:07. Knowledge documentation was not created."
INC0004234,Awaiting User Info,True,Emerald,Frog,Israel,"Incident INC0004234, related to the product Frog by vendor Emerald in Israel, was opened on 8/3/2016 with a medium impact and urgency, resulting in a moderate priority. The incident met SLA requirements and involved knowledge resources. It remained in the state ""Awaiting User Info"" before being resolved on 14/4/2016 and closed on 19/4/2016."
INC0009451,New,False,Emerald,Turtle,Colombia,"Incident INC0009451 was opened on 21/03/2016 at 12:22 with a medium impact and urgency, resulting in a moderate priority. The incident involved the product Turtle from vendor Emerald in Colombia. It was resolved the same day at 17:17, met its SLA, and was closed on 26/03/2016. The incident is currently in a new state and no knowledge article was created."
INC0026216,New,False,Sapphire,BlueTang,India,"Incident INC0026216, with medium impact and urgency and moderate priority, was opened on 5/5/2016 at 09:33 in India. The issue involved the BlueTang product by vendor Sapphire. It was resolved quickly by 09:37 the same day and closed on 10/5/2016. The incident met SLA requirements."
INC0015199,Resolved,False,Emerald,Frog,Romania,"Incident INC0015199, related to the product Frog from vendor Emerald in Romania, was opened on 5/4/2016 at 07:30 with a medium impact and urgency, and moderate priority. The incident was resolved promptly by 07:37 the same day, meeting the SLA, and was closed on 10/4/2016. The incident state is resolved, and no knowledge article was created."
INC0009834,New,False,Emerald,Croc,Hungary,"Incident INC0009834, categorized with medium impact and urgency and moderate priority, was opened on 22 March 2016 in Hungary involving the Emerald vendor's Croc product. The incident was resolved on 1 April 2016 and closed on 6 April 2016, meeting the SLA requirements. The incident is currently in a new state and has no associated knowledge base article."
INC0011712,Active,False,Emerald,Frog,Switzerland,"Incident INC0011712, related to the Frog product by vendor Emerald in Switzerland, was opened on 28/03/2016 at 09:10 with a medium impact and urgency, resulting in moderate priority. The incident was active, met the SLA, and was resolved on 04/04/2016 at 15:31 before being closed on 09/04/2016 at 15:59. No knowledge articles were created for this incident."
INC0020986,New,False,Emerald,Boa,United States,"Incident INC0020986 was opened on April 19, 2016, at 14:51 with a medium impact and urgency, resulting in a moderate priority. The incident involved the Boa product from vendor Emerald in the United States. It met the service level agreement (SLA), was resolved on April 20, 2016, at 11:19, and closed on April 25, 2016, at 12:07. The incident is currently in a new state and has no associated knowledge article."
INC0006354,Active,False,Sapphire,BlueTang,Denmark,"Incident INC0006354, related to the BlueTang product by vendor Sapphire in Denmark, was opened on 14/03/2016 with medium impact and urgency, resulting in a moderate priority. The incident remained active but met the SLA, was resolved by 16/03/2016, and finally closed on 24/03/2016. No knowledge article was created."
INC0011795,Active,False,Sapphire,Glaucus,Indonesia,"Incident INC0011795, related to the Glaucus product by vendor Sapphire in Indonesia, was opened on 28/3/2016 and resolved by 4/4/2016, later closed on 9/4/2016. It had a medium impact and urgency, with a moderate priority, met the SLA, and is currently active without associated knowledge articles."
INC0019514,New,False,Emerald,Boa,India,"Incident INC0019514 was opened on 15/04/2016 at 09:32 with a medium impact and urgency, resulting in a moderate priority. The issue, related to the Boa product by vendor Emerald in India, met its SLA and was resolved the same day at 14:52. The ticket was subsequently closed on 20/04/2016."
INC0003189,New,True,Sapphire,BlueTang,Finland,"Incident INC0003189 was opened on 7 March 2016 and involved the Sapphire vendor's BlueTang product in Finland. It had a medium impact and urgency, resulting in a moderate priority. The incident met its SLA, was resolved by 11 March 2016, and closed on 24 March 2016. The incident is currently in a new state and has associated knowledge documentation."
INC0014531,Active,False,Emerald,Frog,Belgium,"Incident INC0014531, related to the Emerald vendor's Frog product in Belgium, was opened on 4/4/2016 and resolved by 8/4/2016, then closed on 13/4/2016. It had a medium impact and urgency with moderate priority. The incident is currently active and met the SLA, but no knowledge article was created."
INC0016735,New,False,Sapphire,BlueTang,Denmark,"Incident INC0016735, related to the Sapphire BlueTang product in Denmark, was opened on April 8, 2016, with a medium impact and urgency, and a moderate priority. The incident met its SLA, was resolved on April 15, 2016, and closed on April 20, 2016. The current state is New, and no knowledge article was created."
INC0009461,Resolved,False,Ruby,Shrimp,Brazil,"Incident INC0009461, related to the Ruby vendor's Shrimp product in Brazil, was opened on 21/03/2016 and resolved by 28/03/2016, meeting the SLA. The incident had a medium impact and urgency, classified with moderate priority. It was closed on 02/04/2016, and no knowledge article was created."
INC0006584,Closed,False,Ruby,Ant,Greece,"Incident INC0006584, related to the Ruby Ant product in Greece, was opened on 14/3/2016 and closed on 24/3/2016. It had a medium impact and urgency, with a moderate priority. The incident was resolved on 15/3/2016 but did not meet the SLA. The incident is now closed."
INC0010789,Active,False,Emerald,Boa,Kenya,"Incident INC0010789, currently active, was opened on 23/03/2016 and involves the Emerald vendor's Boa product in Kenya. It has a medium impact and urgency, resulting in a moderate priority. The incident met its SLA and was resolved on 04/04/2016, then closed on 09/04/2016. No knowledge article is associated with this incident."
INC0007426,Active,False,Ruby,Ant,Sweden,"Incident INC0007426, related to the Ruby vendor's Ant product in Sweden, was opened on 15/03/2016 and had medium impact and urgency with moderate priority. The incident met its SLA, was resolved on 29/03/2016, and closed on 03/04/2016. The incident remains active, and no knowledge article was created."
INC0010476,Awaiting User Info,False,Ruby,Ant,Ukraine,"Incident INC0010476, related to the Ruby vendor's Ant product in Ukraine, was opened on 23 March 2016 and closed on 10 April 2016. It had a medium impact and urgency with moderate priority. The incident met its SLA but is currently awaiting user information. It was resolved on 5 April 2016, with no associated knowledge article."
INC0015196,Active,False,Emerald,Croc,United States,"Incident INC0015196 involved a medium-impact, medium-urgency issue with the Croc product from vendor Emerald in the United States. The incident, opened on 5/4/2016 at 07:12, met the SLA and was resolved by 6/4/2016 at 11:54. It was closed on 11/4/2016 at 11:59. The priority was moderate, and no knowledge article was created. The incident remains active."
INC0000535,Resolved,True,Sapphire,BlueJay,Czech Republic,"Incident INC0000535, involving the Sapphire vendor's BlueJay product in the Czech Republic, was opened on January 3, 2016, with a medium impact and urgency, and a moderate priority. The incident was resolved on February 3, 2016, and subsequently closed on March 7, 2016. Service level agreements were met, and knowledge articles were created to document the resolution."
INC0009539,Closed,False,Sapphire,Glaucus,Spain,"Incident INC0009539 involved a medium impact and urgency issue with moderate priority related to the Glaucus product from vendor Sapphire in Spain. The incident was opened on March 21, 2016, and resolved on March 29, 2016, but did not meet the SLA. It was closed on April 3, 2016. The incident is now closed and no knowledge article was created."
INC0026257,New,False,Emerald,Frog,Pakistan,"Incident INC0026257 was opened on 5/5/2016 at 10:11 with a medium impact and urgency, resulting in a moderate priority. The issue involved the product Frog by vendor Emerald in Pakistan. The incident met its SLA, was resolved on the same day at 11:54, and subsequently closed on 10/5/2016 at 12:07. The incident state is recorded as New, and no knowledge article was created."
INC0026174,Closed,False,Ruby,LadyBug,Thailand,"Incident INC0026174, related to the LadyBug product from vendor Ruby in Thailand, was opened on May 5, 2016, at 08:48 with a medium impact and urgency, resulting in a moderate priority. The incident was resolved quickly by 08:57 the same day, met the SLA, and was closed on May 10, 2016. The incident state is closed, and no knowledge article was created."
INC0002336,New,True,Sapphire,Peacock,Switzerland,"Incident INC0002336 was a low-priority issue involving the Peacock product by vendor Sapphire in Switzerland. It was opened on April 3, 2016, at 09:56 and resolved by June 28, 2016, with closure on July 3, 2016. The incident had low impact and urgency, met the SLA, and included knowledge documentation."
INC0015698,Active,False,Sapphire,Glaucus,Germany,"Incident INC0015698, related to the Sapphire Glaucus product in Germany, was opened on 6/4/2016 at 02:19 with a medium impact and urgency, resulting in a moderate priority. The incident met the SLA, was resolved quickly by 6/4/2016 02:24, and closed on 11/4/2016 at 02:59. The incident remains active and is not linked to any knowledge articles."
INC0012987,Resolved,False,Ruby,LadyBug,France,"Incident INC0012987, related to the LadyBug product by vendor Ruby in France, was opened on 30/03/2016 at 11:05 with a medium impact and urgency, resulting in a moderate priority. The incident was resolved and closed on 04/04/2016 at 11:59, meeting the SLA. Knowledge documentation was not created."
INC0013537,Closed,False,Emerald,Turtle,Morocco,"Incident INC0013537, related to the product Turtle from vendor Emerald in Morocco, was opened on 31/03/2016 and closed on 23/05/2016. It had a medium impact and urgency, resulting in a moderate priority. The incident was closed without meeting the SLA and was resolved on 18/05/2016."
INC0010328,New,False,Emerald,Frog,Netherlands,"Incident INC0010328, related to the Emerald Frog product in the Netherlands, was opened on 23/3/2016 at 08:57 with a medium impact and urgency, resulting in a moderate priority. The incident was resolved on 24/3/2016 at 11:15 and closed on 29/3/2016 at 11:59, meeting the SLA requirements. The incident is currently in a new state and does not have associated knowledge articles."
INC0025641,Resolved,False,Ruby,Ant,Vietnam,"Incident INC0025641, related to the Ruby product Ant in Vietnam, was opened on 4/5/2016 at 07:52 with a medium impact and urgency, resulting in a moderate priority. The incident was resolved on the same day at 08:39, meeting the SLA, and was subsequently closed on 9/5/2016. The knowledge base was not updated."
INC0008389,Active,False,Ruby,Shrimp,South Africa,"Incident INC0008389, related to the Ruby vendor's Shrimp product in South Africa, was opened on 17 March 2016 and had a medium impact and urgency with moderate priority. The incident met its SLA, was resolved on 30 March 2016, and closed on 4 April 2016. The incident is currently active and no knowledge article was created."
INC0026827,Closed,False,Sapphire,Peacock,Denmark,"Incident INC0026827, related to the Peacock product from vendor Sapphire in Denmark, was opened on June 5, 2016, at 11:33 with a medium impact and urgency level, and moderate priority. The incident was resolved the same day at 12:29 and subsequently closed on November 5, 2016, at 13:07. The incident met the SLA requirements and is now closed."
INC0028193,New,False,Ruby,Ant,Nigeria,"Incident INC0028193, related to the Ruby vendor's Ant product in Nigeria, was opened on 11/5/2016 with a medium impact and urgency, resulting in a moderate priority. The incident met its SLA, was resolved by 12/5/2016, and closed on 17/5/2016. The incident is currently in a new state and no knowledge article was created."
INC0008014,Active,False,Sapphire,Peacock,South Africa,"Incident INC0008014, related to the Peacock product by vendor Sapphire in South Africa, was opened on 16/03/2016 at 21:03 with a medium impact and urgency, resulting in a moderate priority. The incident was active and met the SLA requirements. It was resolved on 17/03/2016 at 14:44 and closed on 24/03/2016 at 19:01."
INC0022719,Resolved,False,Emerald,Croc,Czech Republic,"Incident INC0022719, related to the product Croc from vendor Emerald in the Czech Republic, was opened on 26/4/2016 at 11:09 with medium impact and urgency, and moderate priority. The incident was resolved the same day at 11:20, meeting the SLA requirements, and was closed on 1/5/2016. The incident state is resolved, and no knowledge article was created."
INC0019063,New,False,Sapphire,Glaucus,New Zealand,"Incident INC0019063, related to the Sapphire Glaucus product in New Zealand, was opened on 14/4/2016 with medium impact and urgency, assigned a moderate priority. The incident met the SLA, was resolved by 20/4/2016, and closed on 25/4/2016. The incident state is New, and no knowledge article was created."
INC0001258,New,True,Ruby,Ant,Indonesia,"Incident INC0001258 was opened on 2 March 2016 and categorized with medium impact and urgency, resulting in a moderate priority. The issue involved the product Ant from vendor Ruby, located in Indonesia. The incident met the SLA requirements, was resolved on 15 March 2016, and closed on 24 March 2016. Knowledge documentation is available for this case."
INC0019460,Awaiting User Info,False,Sapphire,BlueTang,Turkey,"Incident INC0019460, related to the Sapphire vendor's BlueTang product in Turkey, was opened on 15/04/2016 at 08:35 with medium impact and urgency, resulting in a moderate priority. The incident met the SLA, was resolved on 18/04/2016 at 11:21, and closed on 23/04/2016 at 12:07. The current state is Awaiting User Info, and no knowledge article was created."
INC0011636,New,False,Ruby,Shrimp,Argentina,"Incident INC0011636 was opened on 28/3/2016 with medium impact and urgency, resulting in a moderate priority. The issue involved the Ruby vendor's Shrimp product in Argentina. It met the SLA, was resolved on 1/6/2016, and closed on 6/6/2016. The incident is currently in a new state and has no linked knowledge articles."
INC0023659,Closed,False,Sapphire,Glaucus,Spain,"Incident INC0023659, related to the Sapphire Glaucus product in Spain, was opened on 28/4/2016 at 11:21 with medium impact and urgency, and moderate priority. The incident was resolved within 10 minutes, meeting the SLA, and was ultimately closed on 3/5/2016. The knowledge base was not updated."
INC0029168,Active,False,Ruby,Shrimp,Brazil,"Incident INC0029168, related to the Ruby vendor's Shrimp product in Brazil, was opened on 13/05/2016 at 10:19 with a medium impact and urgency, resulting in a moderate priority. The incident met its SLA, was resolved on 16/05/2016 at 09:27, and closed on 21/05/2016 at 10:07. The incident is currently marked as Active, and no knowledge article was created."
INC0012513,Awaiting User Info,False,Emerald,Croc,Austria,"Incident INC0012513, related to the Croc product by vendor Emerald in Austria, was opened on 29/3/2016 with medium impact and urgency, resulting in a moderate priority. The incident met the SLA, was resolved on 30/3/2016, and closed on 4/4/2016. Currently, the incident state is ""Awaiting User Info,"" and no knowledge article is available."
INC0016460,Resolved,False,Sapphire,BlueJay,Mexico,"Incident INC0016460, with medium impact and urgency and moderate priority, was opened on July 4, 2016, at 10:47 and resolved the same day by 14:09, meeting the SLA. The incident involved the Sapphire vendor's BlueJay product in Mexico and was closed on December 4, 2016."
INC0004942,New,True,Sapphire,BlueJay,Philippines,"Incident INC0004942 was opened on March 9, 2016, with a medium impact and urgency, resulting in a moderate priority level. The incident involved the Sapphire vendor and their BlueJay product in the Philippines. The issue met the SLA, was resolved on March 14, and closed on March 24, 2016. Knowledge documentation was created for this incident."
INC0003137,Active,True,Emerald,Turtle,Denmark,"Incident INC0003137, related to the Turtle product from vendor Emerald in Denmark, was opened on 7/3/2016 at 09:18 with a medium impact and urgency, resulting in a moderate priority. The incident met its SLA, was resolved on 16/3/2016 at 10:25, and closed on 24/3/2016 at 18:59. The ticket remains active and includes knowledge documentation."
INC0014533,Resolved,False,Sapphire,BlueJay,Nigeria,"Incident INC0014533, related to the Sapphire BlueJay product in Nigeria, was classified with medium impact and urgency, and moderate priority. It was opened on April 4, 2016, and resolved by April 6, 2016, meeting the SLA. The incident was subsequently closed on April 11, 2016. Knowledge documentation was not created."
INC0005814,New,False,Emerald,Turtle,South Korea,"Incident INC0005814 was opened on 11/3/2016 with medium impact and urgency, classified as moderate priority. The issue involved the Turtle product from vendor Emerald in South Korea. The incident met the SLA, was resolved on 16/3/2016, and closed on 24/3/2016."
INC0006176,Active,False,Emerald,Boa,Poland,"Incident INC0006176, related to the Boa product from vendor Emerald in Poland, was opened on 11/3/2016 at 16:14 with medium impact and urgency, resulting in a moderate priority. The incident met its SLA, was resolved the same day at 17:44, and was closed on 16/3/2016 at 19:17. The incident is currently marked as Active."
INC0028155,Resolved,False,Ruby,Fox,Egypt,"Incident INC0028155, involving the Ruby vendor's Fox product in Egypt, was opened on 11/5/2016 with a medium impact and urgency, assigned a moderate priority. The incident was resolved on 16/5/2016, met the SLA, and was closed on 21/5/2016."
INC0018976,Closed,False,Emerald,Boa,Belgium,"Incident INC0018976, related to the Boa product by vendor Emerald in Belgium, was opened on 14/4/2016 at 08:37 with medium impact and urgency, and a moderate priority. The incident was resolved on the same day at 09:23, met its SLA, and was closed on 19/4/2016. Knowledge documentation was not created."
INC0008927,Closed,False,Sapphire,Peacock,Romania,"Incident INC0008927, involving the Peacock product from vendor Sapphire in Romania, was opened on 18/03/2016 and closed on 02/04/2016. It had a medium impact and urgency, resulting in a moderate priority. The incident was resolved by 28/03/2016 but did not meet the SLA and was closed without associated knowledge documentation."
INC0015279,Active,False,Sapphire,Glaucus,Ukraine,"Incident INC0015279, related to the Glaucus product from vendor Sapphire in Ukraine, was opened on 5/4/2016 at 09:05 with medium impact and urgency, resulting in a moderate priority. The incident met its SLA, was resolved on 7/4/2016 at 18:06, and closed on 12/4/2016 at 18:59. The incident remains active, and no knowledge article was created."
INC0021922,New,False,Emerald,Turtle,Saudi Arabia,"Incident INC0021922, with medium impact and urgency, was opened on 23/4/2016 in Saudi Arabia for the product Turtle by vendor Emerald. The incident was resolved on 25/4/2016 and closed on 30/4/2016, meeting the SLA requirements. The priority was moderate, and no knowledge article was created. The current state is New."
INC0007991,Resolved,False,Sapphire,Peacock,United States,"Incident INC0007991, involving the Peacock product from vendor Sapphire in the United States, was opened on 16/03/2016 at 17:38 with medium impact and urgency, and moderate priority. The incident was resolved promptly by 17:52 the same day, meeting the SLA, and was subsequently closed on 24/03/2016. The incident state is resolved, and no knowledge article was created."
INC0003140,Active,True,Ruby,Ant,South Korea,"Incident INC0003140, related to the Ruby vendor's Ant product in South Korea, was opened on 7/3/2016 at 09:19 with a medium impact and urgency, resulting in a moderate priority. The incident met the SLA, was resolved on 21/3/2016 at 11:07, and closed on 26/3/2016 at 11:59. It is currently marked as active and includes documented knowledge."
INC0022024,Active,False,Ruby,Shrimp,Germany,"Incident INC0022024 is currently active with a medium impact and urgency, classified as moderate priority. It was opened on 25/4/2016 at 06:57 and resolved quickly by 06:59 the same day, meeting the SLA. The incident was closed on 30/4/2016 at 07:07. The affected product is Shrimp from the vendor Ruby, located in Germany. No knowledge article was created."
INC0006435,New,False,Emerald,Turtle,Finland,"Incident INC0006435, related to the Turtle product from vendor Emerald in Finland, was opened on 14/03/2016 with medium impact and urgency, and moderate priority. The incident met its SLA, was resolved on 17/03/2016, and closed on 24/03/2016. The incident is currently in a New state and has no associated knowledge article."
INC0012427,New,False,Sapphire,BlueTang,Italy,"Incident INC0012427, related to the BlueTang product from vendor Sapphire in Italy, was opened on 29/3/2016 with a medium impact and urgency, resulting in a moderate priority. The incident met its SLA, was resolved by 1/4/2016, and closed on 6/4/2016. The incident is currently in a new state, and no knowledge article was created."
INC0007176,Awaiting User Info,False,Emerald,Boa,Japan,"Incident INC0007176, related to the product Boa from vendor Emerald in Japan, was opened on 15/03/2016 with a medium impact and urgency, resulting in a moderate priority. The incident met its SLA but is currently awaiting user information. It was resolved on 23/05/2016 and closed on 28/05/2016."
INC0004728,Active,True,Ruby,LadyBug,Kenya,"Incident INC0004728 is currently active with a medium impact and urgency, classified as moderate priority. The incident was opened on March 9, 2016, and resolved on March 30, 2016, meeting the SLA. It was closed on April 4, 2016. The issue involves the Ruby vendor's LadyBug product in Kenya and has associated knowledge documentation."
INC0014902,Closed,False,Ruby,Shrimp,Portugal,"Incident INC0014902 related to the Ruby vendor's Shrimp product in Portugal was classified with medium impact and urgency, and moderate priority. It was opened on April 4, 2016, and resolved by April 5, 2016, meeting the SLA. The incident was closed on April 10, 2016, and no knowledge article was created."
INC0014749,Resolved,False,Ruby,LadyBug,Croatia,"Incident INC0014749, related to the LadyBug product by vendor Ruby in Croatia, was reported on 4/4/2016 at 10:21 with medium impact and urgency, and moderate priority. The incident was resolved on the same day at 10:29, meeting the SLA, and subsequently closed on 9/4/2016. The issue is now resolved."
INC0013914,Closed,False,Ruby,Ant,Netherlands,"Incident INC0013914, related to the Ruby vendor's Ant product in the Netherlands, was opened on April 1, 2016, and closed on April 12, 2016. It had a medium impact and urgency, with a moderate priority. The incident was resolved on April 7, 2016, but did not meet the SLA requirements. The case is now closed."
INC0022329,Closed,False,Emerald,Boa,Brazil,"Incident INC0022329, related to the Boa product by vendor Emerald in Brazil, was opened on 25/04/2016 at 13:12 with a medium impact and urgency, resulting in a moderate priority. The incident was resolved the same day at 13:34, met the SLA, and was closed on 30/04/2016. No knowledge article was created."
INC0011805,Active,False,Ruby,LadyBug,Japan,"Incident INC0011805 was a high-impact, high-urgency, critical priority issue involving the LadyBug product by vendor Ruby in Japan. It was opened on 28/3/2016 at 10:16 and resolved the same day at 15:52, meeting the SLA. The incident was closed on 2/4/2016 at 15:59. Knowledge documentation was not created."
INC0005812,Resolved,False,Sapphire,Glaucus,Peru,"Incident INC0005812, related to the Sapphire product Glaucus in Peru, was opened on 11/3/2016 and resolved on 23/3/2016, with closure on 28/3/2016. The incident had medium impact and urgency, resulting in a moderate priority. The resolution met the service level agreement (SLA), and no knowledge article was created. The incident state is now resolved."
INC0005505,Awaiting User Info,True,Sapphire,Glaucus,Kenya,"Incident INC0005505, related to the Sapphire Glaucus product in Kenya, was opened on 10/3/2016 and resolved by 22/3/2016, then closed on 27/3/2016. It had a medium impact and urgency, with a moderate priority. The incident met its SLA and currently awaits user information. Knowledge resources are available for this case."
INC0011152,New,False,Sapphire,Peacock,United States,"Incident INC0011152 was opened on March 24, 2016, and involved the Peacock product from vendor Sapphire in the United States. The incident had a medium impact and urgency, with a moderate priority. It met the SLA, was resolved on April 15, 2016, and closed on April 20, 2016. The incident is currently in a new state and has no associated knowledge articles."
INC0026735,Active,False,Sapphire,Glaucus,Poland,"Incident INC0026735, related to the Sapphire Glaucus product in Poland, was opened on 6/5/2016 at 09:49 with a medium impact and urgency, and moderate priority. The incident met its SLA, was resolved the same day at 16:42, and subsequently closed on 11/5/2016. The incident remains active in the system with no associated knowledge article."
INC0020896,New,False,Ruby,Fox,United Kingdom,"Incident INC0020896 was opened on April 19, 2016, and marked as New with medium impact and urgency, resulting in a moderate priority. The issue involved the Ruby vendor’s Fox product in the United Kingdom. The incident met its SLA, was resolved on April 28, 2016, and closed on May 3, 2016. No knowledge article was created."
INC0023464,Closed,False,Ruby,LadyBug,China,"Incident INC0023464, related to the LadyBug product by vendor Ruby in China, was opened on 28/4/2016 and closed on 4/5/2016. With medium impact and urgency, it was assigned a moderate priority. The incident was resolved on 29/4/2016, met the SLA, and is now closed."
INC0024232,Active,False,Ruby,Shrimp,Ecuador,"Incident INC0024232, related to the product Shrimp from vendor Ruby in Ecuador, was opened on April 29, 2016. It had a medium impact and urgency, resulting in a moderate priority. The incident met its SLA, was resolved on May 3, 2016, and closed on May 8, 2016. The incident remained active during this period and did not have associated knowledge articles."
INC0007595,Active,False,Sapphire,BlueTang,Peru,"Incident INC0007595, involving the BlueTang product from vendor Sapphire in Peru, was opened on 16/03/2016 at 09:22 with a medium impact and urgency, and a moderate priority. The incident met the SLA, was resolved on 17/03/2016 at 11:14, and closed on 24/03/2016 at 19:01. The incident is currently marked as active and no knowledge article was created."
INC0002915,New,True,Ruby,Ant,Hungary,"Incident INC0002915, related to the Ruby vendor's Ant product in Hungary, was opened on 6th March 2016 with a medium impact and high urgency, resulting in a high priority classification. The incident met SLA requirements, was resolved on 11th March 2016, and closed on 24th March 2016. Knowledge resources were available during handling. The current state is New."
INC0018712,Resolved,False,Ruby,Shrimp,Thailand,"Incident INC0018712, related to the Shrimp product by vendor Ruby in Thailand, was opened on 13/4/2016 at 14:14 with a medium impact and urgency, resulting in a moderate priority. The incident was resolved on the same day at 14:59, meeting the SLA, and subsequently closed on 18/4/2016 at 15:07. The incident is now resolved and no knowledge article was created."
INC0012579,Closed,True,Emerald,Frog,Finland,"Incident INC0012579, related to the Emerald Frog product in Finland, was a medium impact and urgency issue with moderate priority. It was opened on 29/3/2016 and resolved on 25/4/2016, but did not meet the SLA. The incident was closed on 30/4/2016, and knowledge was documented."
INC0000559,Awaiting User Info,True,Sapphire,Peacock,Brazil,"Incident INC0000559 involving the Peacock product from vendor Sapphire in Brazil was opened on 1/3/2016 and had medium impact and urgency, resulting in a moderate priority. The incident met its SLA and was resolved by 4/3/2016. It is currently in the ""Awaiting User Info"" state and was closed on 9/3/2016. Knowledge resources are available for this incident."
INC0001894,New,True,Emerald,Frog,United States,"Incident INC0001894, related to the Emerald vendor's Frog product in the United States, was opened on March 3, 2016. It had a medium impact and urgency, with a moderate priority. The incident met its SLA, was resolved on May 16, 2016, and closed on May 21, 2016. The incident is currently in a new state and includes knowledge documentation."
INC0002409,Active,True,Sapphire,BlueJay,Singapore,"Incident INC0002409, associated with the BlueJay product by vendor Sapphire in Singapore, was opened on April 3, 2016, and had a medium impact and urgency, resulting in a moderate priority. The incident met SLA requirements, was resolved on March 23, 2016, and closed on March 28, 2016. It is currently active and has related knowledge documentation."
INC0015719,Resolved,False,Sapphire,BlueTang,Morocco,"Incident INC0015719, involving the BlueTang product from vendor Sapphire in Morocco, was a medium-impact, medium-urgency issue with moderate priority. It was opened on June 4, 2016, at 07:14, resolved within the SLA by 07:28 the same day, and closed on June 11, 2016, at 07:59. The incident is now resolved, with no knowledge article created."
INC0004748,Active,True,Sapphire,BlueTang,Romania,"Incident INC0004748, classified with medium impact and urgency and moderate priority, was opened on 9th March 2016 for the BlueTang product supplied by vendor Sapphire in Romania. The incident met SLA requirements and was resolved on 11th March 2016, then closed on 24th March 2016. Knowledge resources were utilized during the process. The incident is currently marked as active."
INC0012387,Resolved,False,Emerald,Boa,Italy,"Incident INC0012387, related to the Boa product by vendor Emerald in Italy, was opened on 29 March 2016 at 10:01 with a medium impact and urgency, and a moderate priority. The incident has been resolved and closed on 3 April 2016 at 10:59, meeting the SLA requirements. Knowledge documentation was not created for this incident."
INC0021292,Resolved,False,Emerald,Boa,Argentina,"Incident INC0021292, related to the Emerald vendor's Boa product in Argentina, was opened on 20/04/2016 at 11:31 with a medium impact and urgency, resulting in a moderate priority. The incident was resolved on the same day by 12:08, successfully meeting the SLA, and was closed on 25/04/2016. The incident is now resolved, with no knowledge article created."
INC0005076,Awaiting User Info,True,Emerald,Boa,Romania,"Incident INC0005076, related to the Emerald Boa product in Romania, was opened on 9/3/2016 with a medium impact and urgency, resulting in a moderate priority. The incident met the SLA, included knowledge documentation, and progressed to an ""Awaiting User Info"" state. It was resolved on 22/3/2016 and closed on 27/3/2016."
INC0008477,Active,False,Sapphire,BlueTang,Ukraine,"Incident INC0008477, with medium impact and urgency, was opened on 17/03/2016 in Ukraine involving the Sapphire vendor's BlueTang product. The incident was resolved on 24/03/2016 and closed on 29/03/2016, meeting the SLA requirements. The priority was moderate, and no knowledge article was created."
INC0009457,Resolved,False,Ruby,Fox,China,"Incident INC0009457, related to the Ruby vendor's Fox product in China, was opened on 21/3/2016 at 12:34 with a medium impact and urgency, resulting in a moderate priority. The incident was resolved promptly by 12:59 the same day, meeting the SLA, and was subsequently closed on 26/3/2016 at 13:59. The incident is now resolved, and no knowledge article was created."
INC0010845,Active,False,Ruby,Ant,Australia,"Incident INC0010845, opened on 24/03/2016 at 08:40 in Australia, involved the Ant product from vendor Ruby. It had a medium impact and urgency, resulting in a moderate priority. The incident remained active and met the SLA. It was resolved the same day at 17:13 and closed on 29/03/2016 at 17:59. Knowledge documentation was not created."
INC0014729,Active,False,Ruby,Fox,Hungary,"Incident INC0014729, related to the Ruby vendor's Fox product in Hungary, was opened on April 4, 2016, and had a medium impact and urgency with a moderate priority. The incident was resolved on April 12, 2016, and closed on April 17, 2016, meeting the SLA requirements. The incident remains active with no associated knowledge base article."
INC0021644,Closed,False,Sapphire,Glaucus,Indonesia,"Incident INC0021644, related to the Glaucus product from vendor Sapphire in Indonesia, was opened on April 20, 2016, and closed on May 10, 2016. The incident had a medium impact and urgency, with a moderate priority. It was resolved on May 5, 2016, but did not meet the SLA. The incident is now closed."
INC0023231,Resolved,False,Emerald,Croc,Hungary,"Incident INC0023231, related to the Croc product by vendor Emerald in Hungary, was opened on 27/4/2016 at 13:42 with a medium impact and urgency, and moderate priority. The incident was resolved within SLA and closed on 2/5/2016 at 14:07. The incident is now resolved."
INC0015103,Resolved,False,Sapphire,BlueJay,Philippines,"Incident INC0015103, related to the Sapphire BlueJay product in the Philippines, was opened on April 4, 2016, at 17:57 with a medium impact and urgency, and a moderate priority. The incident was resolved promptly by 18:02 the same day, meeting the SLA, and was closed on April 9, 2016. The incident state is resolved, and no knowledge article was created."
INC0001014,Awaiting User Info,True,Ruby,LadyBug,Malaysia,"Incident INC0001014, related to the product LadyBug by vendor Ruby in Malaysia, was opened on 2/3/2016 with a medium impact and urgency, resulting in a moderate priority. The incident met the SLA requirements and incorporated knowledge management. It was resolved on 12/4/2016 and closed on 17/4/2016. Currently, the incident state is ""Awaiting User Info."""
INC0002445,Resolved,False,Ruby,Fox,South Korea,"Incident INC0002445, involving the Ruby vendor's Fox product in South Korea, was opened on April 3, 2016, and resolved by April 14, 2016. Classified with medium impact and urgency, and moderate priority, the incident met its SLA and was closed on April 19, 2016. The incident is now resolved without associated knowledge articles."
INC0003687,Awaiting User Info,True,Emerald,Frog,Portugal,"Incident INC0003687, related to the Frog product by vendor Emerald in Portugal, was opened on July 3, 2016. It had a medium impact and urgency, resulting in a moderate priority. The incident met the SLA, had associated knowledge articles, and was resolved on March 24, 2016, before being closed on March 29, 2016. Currently, its state is Awaiting User Info."
INC0025579,New,False,Ruby,Shrimp,Italy,"Incident INC0025579, related to the Ruby vendor's Shrimp product in Italy, was opened on March 5, 2016. It had a medium impact and urgency, with a moderate priority. The incident met the SLA, was resolved on May 11, 2016, and closed on May 16, 2016. The incident state is currently new, and no knowledge article was created."
INC0024907,Active,False,Ruby,Fox,New Zealand,"Incident INC0024907, related to the Ruby vendor's Fox product in New Zealand, was opened on 2 May 2016 at 12:20. It had a medium impact and urgency, resulting in a moderate priority. The incident was active, met its SLA, and was resolved on 11 May 2016 at 09:31, then closed on 16 May 2016 at 10:07. No knowledge article was created."
INC0027493,New,False,Sapphire,Peacock,Mexico,"Incident INC0027493, recorded on 9/5/2016 at 13:30, involved the Sapphire vendor's Peacock product in Mexico. The incident had a medium impact and urgency, with a moderate priority. It met the SLA, was resolved quickly by 13:39 the same day, and was closed on 14/5/2016. The incident is currently in a new state, and no knowledge article was created."
INC0007025,Closed,False,Ruby,Shrimp,United Arab Emirates,"Incident INC0007025, involving the Ruby vendor's Shrimp product in the United Arab Emirates, was classified with medium impact and urgency, and moderate priority. The incident was opened on 15/3/2016 at 08:36, resolved by 16/3/2016 at 12:03, and closed on 24/3/2016 at 19:00. The SLA was not met, and no knowledge base article was created. The incident is now closed."
INC0013018,Active,False,Ruby,Ant,Canada,"Incident INC0013018, categorized with medium impact and urgency (priority 3 - Moderate), was opened on 30/3/2016 at 11:56 and remained active until resolved on 13/4/2016 at 17:00, then closed on 18/4/2016 at 16:12. The incident met its SLA and involved the vendor Ruby and product Ant, affecting users in Canada."
INC0017064,New,False,Emerald,Boa,Brazil,"Incident INC0017064 was opened on 8 April 2016 regarding the Boa product from vendor Emerald in Brazil. It had a medium impact and urgency, resulting in a moderate priority. The incident met its SLA, was resolved on 14 April 2016, and closed on 19 April 2016. The current state is New, and no knowledge article is associated."
INC0018484,Closed,False,Ruby,Ant,Netherlands,"Incident INC0018484, related to the Ruby vendor's Ant product in the Netherlands, was opened on 13/4/2016 at 09:04 with a medium impact and urgency, resulting in a moderate priority. The incident was resolved quickly by 09:10 the same day and subsequently closed on 18/4/2016 at 10:07. The service level agreement (SLA) was met, and no knowledge article was created."
INC0016822,Active,False,Ruby,LadyBug,Chile,"Incident INC0016822, related to the Ruby vendor's LadyBug product in Chile, was opened on 8/4/2016 and had a medium impact and urgency, resulting in a moderate priority. The incident was active but met the SLA, resolved on 11/4/2016, and closed on 16/4/2016."
INC0015604,Active,False,Emerald,Turtle,Poland,"Incident INC0015604, related to the product Turtle by vendor Emerald in Poland, was opened on 5/4/2016 and closed on 11/4/2016. It had a medium impact and urgency, resulting in a moderate priority. The incident met the SLA and was active until it was resolved on 6/4/2016. Knowledge article was not created."
INC0008289,Closed,False,Sapphire,BlueTang,Belgium,"Incident INC0008289, related to the BlueTang product from vendor Sapphire in Belgium, was classified with medium impact and urgency, resulting in a moderate priority. It was opened on 17 March 2016 and resolved by 24 March 2016, but the SLA was not met. The incident was closed on 29 March 2016."
INC0014185,Resolved,False,Emerald,Frog,Japan,"Incident INC0014185, related to the Frog product by vendor Emerald in Japan, was reported on 1 April 2016 and resolved by 12 April 2016, with closure on 17 April 2016. The incident had a medium impact and urgency, was assigned moderate priority, and met the SLA requirements. It is now resolved."
INC0017786,Closed,False,Emerald,Frog,Morocco,"Incident INC0017786, related to the Frog product by vendor Emerald in Morocco, was opened on 11/4/2016 with medium impact and urgency, and moderate priority. The incident met the SLA requirements and was closed on 16/4/2016. The knowledge base was not updated for this case."
INC0026588,Closed,False,Emerald,Frog,Brazil,"Incident INC0026588 was opened on May 5, 2016, at 19:58 with medium impact and urgency, and a moderate priority. The issue involved the Frog product from vendor Emerald in Brazil. It was resolved the same day at 20:34 and closed on May 10, 2016, successfully meeting the SLA. The incident is now closed and no knowledge article was created."
INC0017459,Active,False,Emerald,Turtle,Peru,"Incident INC0017459, related to the product Turtle from vendor Emerald in Peru, was opened on 11/4/2016 at 09:32 with a medium impact and urgency, and a moderate priority. The incident remained active but met its SLA, was resolved on 13/4/2016 at 08:21, and closed on 18/4/2016 at 09:07. No knowledge articles were created."
INC0008616,Active,False,Ruby,LadyBug,Morocco,"Incident INC0008616 is currently active with medium impact and urgency, classified as moderate priority. It was opened on 18th March 2016 at 09:32 in Morocco, involving the vendor Ruby and the product LadyBug. The incident met the SLA and was resolved on 20th October 2016 at 17:36, then closed on 25th October 2016 at 18:00. No knowledge article is associated with this incident."
INC0000301,New,True,Sapphire,BlueJay,France,"Incident INC0000301, related to the BlueJay product by vendor Sapphire in France, was opened on 29/02/2016 at 14:22 with medium impact and urgency, assigned a moderate priority. The incident met the SLA requirements, was resolved on 01/03/2016 at 11:35, and closed on 06/03/2016 at 12:00. The ticket includes knowledge documentation and is currently in a New state."
INC0028187,Closed,False,Ruby,LadyBug,Finland,"Incident INC0028187, related to the Ruby vendor's LadyBug product in Finland, was opened on 11/5/2016 with medium impact and urgency, and moderate priority. The incident was resolved on 18/5/2016 and closed on 23/5/2016. It did not meet the SLA and no knowledge article was created. The incident is now closed."
INC0009221,Active,False,Ruby,LadyBug,Saudi Arabia,"Incident INC0009221, related to the Ruby vendor's LadyBug product in Saudi Arabia, was opened on 21/03/2016 with medium impact and urgency, assigned a moderate priority. The incident remained active, met the SLA, was resolved on 29/03/2016, and closed on 03/04/2016. No knowledge article was created."
INC0024289,Closed,False,Ruby,LadyBug,Thailand,"Incident INC0024289, related to the LadyBug product by vendor Ruby in Thailand, was opened on 29/4/2016 and closed on 15/5/2016. It had a medium impact and urgency, with a moderate priority. The incident was resolved on 10/5/2016 but did not meet the SLA. The ticket is now closed."
INC0013320,Resolved,False,Sapphire,BlueJay,Saudi Arabia,"Incident INC0013320, related to the Sapphire BlueJay product in Saudi Arabia, was opened on 31/3/2016 at 08:23 with a medium impact and urgency, resulting in a moderate priority. The incident was resolved within the SLA and closed on 5/4/2016 at 08:59. Knowledge documentation was not created."
INC0015750,Active,False,Emerald,Croc,Greece,"Incident INC0015750, related to the Croc product by vendor Emerald in Greece, was opened on 6/4/2016 at 08:26 with medium impact and urgency, resulting in a moderate priority. The incident met its SLA, was resolved the same day at 08:44, and closed on 11/4/2016. The incident is currently marked as active and does not have associated knowledge documentation."
INC0004010,New,True,Sapphire,Peacock,Pakistan,"Incident INC0004010, related to the Peacock product from vendor Sapphire in Pakistan, was opened on 8 March 2016 and had a medium impact and urgency, resulting in a moderate priority. The incident met the SLA, was marked with available knowledge, resolved on 24 March 2016, and closed on 29 March 2016. The current state is New."
INC0008048,New,False,Ruby,LadyBug,Egypt,"Incident INC0008048 was opened on 17 March 2016 regarding the Ruby vendor's LadyBug product in Egypt. It had a medium impact and urgency, resulting in a moderate priority. The incident met the SLA, was resolved on 6 April 2016, and closed on 11 April 2016. The incident is currently in a New state and has no associated knowledge articles."
INC0000338,Resolved,True,Sapphire,Glaucus,United Kingdom,"Incident INC0000338, related to the Sapphire Glaucus product in the United Kingdom, was opened on 29/2/2016 and resolved on 5/4/2016. It had a low impact, urgency, and priority level. The incident was resolved within SLA and the knowledge was documented. It was closed on 10/4/2016."
INC0014123,New,False,Emerald,Boa,New Zealand,"Incident INC0014123, related to the Emerald vendor's Boa product in New Zealand, was opened on April 1, 2016, with a medium impact and urgency, resulting in a moderate priority. The incident met its SLA, was resolved by April 6, 2016, and closed on April 11, 2016. The incident is currently in a ""New"" state and no knowledge article has been created."
INC0022049,New,False,Sapphire,Peacock,China,"Incident INC0022049, related to the Sapphire vendor's Peacock product in China, was opened on 25/4/2016 with a medium impact and urgency, assigned a moderate priority. The incident met the SLA, was resolved on 5/5/2016, and closed on 10/5/2016. The incident is currently in a new state and no knowledge article was created."
INC0013832,New,False,Ruby,Ant,Ireland,"Incident INC0013832, categorized as medium impact and urgency with moderate priority, was opened on April 1, 2016, and resolved on April 4, 2016. The incident involved the product Ant from vendor Ruby and occurred in Ireland. The service level agreement was met, and the incident was closed on April 9, 2016."
INC0017378,Resolved,False,Emerald,Frog,Indonesia,"Incident INC0017378, related to the Emerald Frog product in Indonesia, was a medium impact and urgency issue with moderate priority. It was opened on 11/4/2016 at 08:30 and resolved promptly by 08:37 the same day, meeting the SLA. The incident was subsequently closed on 16/4/2016 at 09:07. The incident state is resolved, and no knowledge article was created."
INC0007230,Closed,False,Emerald,Croc,South Africa,"Incident INC0007230, related to the Croc product from vendor Emerald in South Africa, was opened on 15 March 2016 at 11:30 with a medium impact and urgency, and a moderate priority. The incident was resolved quickly by 11:33 the same day but was officially closed later on 24 March 2016 at 19:01. The incident did not meet the SLA and no knowledge article was created. The incident state is closed."
INC0001522,Awaiting User Info,True,Ruby,LadyBug,New Zealand,"Incident INC0001522, related to the LadyBug product by vendor Ruby in New Zealand, was opened on 2/3/2016 with a medium impact and low urgency and priority. The incident met its SLA, was marked as awaiting user information, and was resolved on 16/3/2016 before being closed on 24/3/2016. Knowledge base documentation was created for this incident."
INC0008614,Awaiting User Info,False,Emerald,Turtle,Ireland,"Incident INC0008614, related to the Turtle product by vendor Emerald in Ireland, was opened on 18/3/2016 with medium impact and urgency, resulting in moderate priority. The incident met the SLA targets and was resolved on 29/3/2016 but remained in an ""Awaiting User Info"" state before being closed on 3/4/2016. No knowledge article was created."
INC0000403,Active,True,Sapphire,Glaucus,United Kingdom,"Incident INC0000403 was opened on 29/02/2016 and involved the Sapphire vendor's Glaucus product in the United Kingdom. It had a medium impact and urgency, resulting in a moderate priority. The incident was active, met its SLA, and was resolved by 07/03/2016 before being closed on 24/03/2016. Knowledge articles were created during the process."
INC0006637,Active,False,Emerald,Croc,United Arab Emirates,"Incident INC0006637, related to the Emerald Croc product in the United Arab Emirates, was opened on 14/3/2016 with a medium impact and urgency, resulting in a moderate priority. The incident met its SLA, was resolved on 23/3/2016, and closed on 28/3/2016. The current state is active, and no knowledge article was created."
INC0021164,Resolved,False,Ruby,Shrimp,Thailand,"Incident INC0021164, related to the Ruby vendor's Shrimp product in Thailand, was opened on 20/4/2016 at 08:21 with a medium impact and urgency, and moderate priority. The incident was resolved on 25/4/2016 at 13:25, met the SLA, and was closed on 30/4/2016 at 14:07. The knowledge base was not updated. The incident is now resolved."
INC0007236,Active,False,Ruby,LadyBug,Portugal,"Incident INC0007236, related to the LadyBug product by vendor Ruby in Portugal, was opened on 15/03/2016 at 11:36. It had a medium impact and high urgency, resulting in a high priority classification. The incident met its SLA, was resolved on 16/03/2016 at 16:55, and closed on 24/03/2016 at 19:01. The incident is currently active, and no knowledge article was created."
INC0020315,Active,False,Ruby,LadyBug,Belgium,"Incident INC0020315, related to the Ruby vendor's LadyBug product in Belgium, was opened on 18 April 2016 and had a medium impact and urgency, resulting in a moderate priority. The incident met its SLA, was resolved on 3 November 2016, and closed on 8 November 2016. The incident is currently marked as active and has no associated knowledge articles."
INC0006433,New,False,Sapphire,BlueTang,New Zealand,"Incident INC0006433, related to the Sapphire BlueTang product in New Zealand, was opened on 14/03/2016 with medium impact and urgency, resulting in a moderate priority. The incident met its SLA, was resolved on 15/03/2016, and closed on 24/03/2016. The incident is currently in a new state and has no associated knowledge articles."
INC0027610,Resolved,False,Sapphire,BlueJay,Croatia,"Incident INC0027610, related to the Sapphire BlueJay product in Croatia, was a medium impact and urgency issue with moderate priority. It was opened on 9/5/2016 at 16:18, resolved within SLA by 16:29 the same day, and subsequently closed on 14/5/2016 at 17:07. The incident is now resolved, and no knowledge article was created."
INC0001351,New,True,Emerald,Boa,Netherlands,"Incident INC0001351, related to the Emerald vendor's Boa product in the Netherlands, was opened on 2/3/2016 and had a medium impact and urgency, with moderate priority. The incident was resolved on 7/3/2016 and closed on 24/3/2016. Service Level Agreement (SLA) was met, and relevant knowledge documentation is available. The current incident state is New."
INC0025674,New,False,Sapphire,BlueTang,Hungary,"Incident INC0025674, related to the Sapphire BlueTang product in Hungary, was opened on 4th May 2016 with medium impact and urgency, and moderate priority. The incident was resolved on 13th June 2016 and closed on 18th June 2016, meeting the SLA requirements. The incident state is currently new, and no knowledge article was created."
INC0000079,New,True,Ruby,Fox,Canada,"Incident INC0000079 was opened on 29/2/2016 at 08:32 with medium impact and urgency, and moderate priority. The incident, related to the vendor Ruby and product Fox in Canada, met the SLA, was resolved the same day at 11:20, and closed on 5/3/2016. Knowledge resources were utilized during the process."
INC0021387,New,False,Emerald,Frog,Czech Republic,"Incident INC0021387, involving the Frog product from vendor Emerald in the Czech Republic, was opened on 20/4/2016 with a medium impact and high urgency, resulting in a high priority classification. The incident met the SLA, was resolved on 10/5/2016, and closed on 16/5/2016. The current state is New, and no knowledge article has been created."
INC0017083,New,False,Ruby,Shrimp,Chile,"Incident INC0017083, affecting the Ruby vendor's Shrimp product in Chile, was opened on 8/4/2016 with a medium impact and urgency, resulting in moderate priority. The incident met its SLA targets, was resolved by 15/4/2016, and closed on 20/4/2016. The incident is currently in a new state and has no associated knowledge article."
INC0011457,Closed,False,Ruby,Fox,Vietnam,"Incident INC0011457, related to the Ruby vendor's Fox product in Vietnam, was a medium impact and urgency issue with moderate priority. It was opened on 26/3/2016 at 08:34, resolved within SLA by 08:48 the same day, and closed on 31/3/2016. The incident is now closed and was not marked as a knowledge article."
INC0003035,New,True,Sapphire,BlueJay,Finland,"Incident INC0003035, related to the Sapphire BlueJay product in Finland, was opened on 7/3/2016 with medium impact and urgency (priority 3). The incident met its SLA, was resolved on 8/3/2016, and closed on 24/3/2016. Knowledge articles were utilized during the process."
INC0005507,New,True,Sapphire,Glaucus,Malaysia,"Incident INC0005507 was opened on 10 March 2016 and marked as New with a medium impact and urgency, resulting in a moderate priority. The issue involved the Glaucus product from vendor Sapphire in Malaysia. The incident met the SLA, was resolved on 14 March 2016, and subsequently closed on 24 March 2016. Knowledge documentation was created during the process."
INC0017471,Active,False,Sapphire,Glaucus,Indonesia,"Incident INC0017471, related to the Glaucus product by vendor Sapphire in Indonesia, was opened on 11/4/2016 with a medium impact and urgency, resulting in a moderate priority. The incident was active and met the SLA requirements. It was resolved on 19/4/2016 and closed on 24/4/2016. No knowledge article was created."
INC0020075,Awaiting User Info,False,Sapphire,Glaucus,United Kingdom,"Incident INC0020075, related to the Glaucus product by vendor Sapphire in the United Kingdom, was opened on 17/4/2016 with a medium impact and urgency, and assigned a moderate priority. The incident was in the ""Awaiting User Info"" state and met its SLA. It was resolved on 28/4/2016 and closed on 3/5/2016. No knowledge article was created."
INC0003109,Awaiting User Info,True,Sapphire,Glaucus,Denmark,"Incident INC0003109, related to the Sapphire product Glaucus in Denmark, was opened on 7/3/2016 with a medium impact and urgency, assigned a moderate priority. The incident met the SLA and involved knowledge management. It was resolved by 17/3/2016 but remained in the ""Awaiting User Info"" state until it was closed on 24/3/2016."
INC0011736,New,False,Emerald,Croc,Ireland,"Incident INC0011736, opened on 28/3/2016 with medium impact and urgency, was assigned a moderate priority. The issue involved the Emerald vendor's Croc product in Ireland. The incident was resolved by 31/3/2016 and closed on 5/4/2016, meeting the SLA requirements."
INC0012538,Active,False,Emerald,Frog,India,"Incident INC0012538, related to the Frog product by vendor Emerald in India, was opened on 29/03/2016 and had a medium impact and urgency, resulting in a moderate priority. The incident met its SLA, was resolved on 06/04/2016, and closed on 11/04/2016. The incident is currently marked as active and has no associated knowledge articles."
INC0013205,Closed,False,Ruby,Ant,South Africa,"Incident INC0013205, related to the product Ant from vendor Ruby in South Africa, was opened on 30 March 2016 and closed on 17 April 2016. It had medium impact and urgency, with a moderate priority. The incident was resolved on 12 April 2016 but did not meet the SLA requirements. The ticket is now closed."
INC0008439,Closed,False,Emerald,Frog,Chile,"Incident INC0008439, related to the Frog product by vendor Emerald in Chile, was opened on 17/03/2016 with a medium impact and urgency, and moderate priority. The incident was resolved on 24/03/2016 and closed on 29/03/2016 but did not meet the SLA. The incident is now closed."
INC0025513,New,False,Sapphire,Peacock,Romania,"Incident INC0025513, related to the Peacock product from vendor Sapphire in Romania, was opened on March 5, 2016, and had a medium impact and urgency with a moderate priority. The incident met its SLA, was resolved on May 12, 2016, and closed on May 17, 2016. The incident is currently in a New state and is not marked as a knowledge article."
INC0023560,Resolved,False,Emerald,Croc,Colombia,"Incident INC0023560, related to the Emerald Croc product in Colombia, was opened on April 28, 2016, with a medium impact and urgency, resulting in a moderate priority. The incident was resolved by May 16, 2016, and closed on May 21, 2016, meeting the SLA requirements. The incident is now resolved, and no knowledge article was created."
INC0012554,Active,False,Emerald,Croc,Romania,"Incident INC0012554, categorized with medium impact and urgency (priority 3 - moderate), was opened on 29/03/2016 and resolved by 04/04/2016, later closed on 09/04/2016. The incident involved the product ""Croc"" from vendor Emerald in Romania. The SLA was met, and it remains active with no associated knowledge articles."
INC0000536,Active,True,Emerald,Turtle,Turkey,"Incident INC0000536, related to the ""Turtle"" product by vendor Emerald in Turkey, was opened on 1/3/2016 at 09:03 with a medium impact and urgency, and moderate priority. The incident met its SLA, was resolved on 4/3/2016 at 09:29, and closed on 9/3/2016 at 10:00. The incident is currently marked as active and has associated knowledge information."
INC0013478,Active,False,Ruby,Fox,Sweden,"Incident INC0013478, related to the Ruby vendor's Fox product in Sweden, was opened on 31/3/2016 with a medium impact and urgency, resulting in a moderate priority. The incident met the SLA, was resolved on 4/4/2016, and closed on 9/4/2016. The incident is currently marked as active, and no knowledge article was created."
INC0023182,Awaiting Vendor,False,Emerald,Turtle,Israel,"Incident INC0023182, related to the product Turtle and involving the vendor Emerald in Israel, was opened on 27/4/2016 with medium impact and urgency, resulting in a moderate priority. The incident was in an ""Awaiting Vendor"" state, met its SLA, was resolved on 11/5/2016, and closed on 16/5/2016. No knowledge article was created."
INC0007330,New,False,Emerald,Boa,Philippines,"Incident INC0007330, related to the Emerald vendor's Boa product in the Philippines, was opened on 15/03/2016 with medium impact and urgency, resulting in a moderate priority. The incident met the SLA, was resolved on 23/03/2016, and closed on 28/03/2016. The incident is currently in a new state with no associated knowledge articles."
INC0026159,Closed,False,Sapphire,Glaucus,Croatia,"Incident INC0026159 involving the Sapphire Glaucus product in Croatia was opened on May 5, 2016, at 08:35 with a medium impact and urgency, resulting in a moderate priority. The incident was resolved on the same day at 16:12 and closed on May 10, 2016, at 17:07. The service level agreement (SLA) was met, and the incident is now closed. No knowledge article was created."
INC0006122,Active,False,Ruby,Ant,Israel,"Incident INC0006122, related to the Ruby vendor's Ant product in Israel, was opened on 11/3/2016 with medium impact and urgency, resulting in a moderate priority. The incident met its SLA, was resolved on 14/3/2016, and closed on 24/3/2016. It remains active and no knowledge article was created."
INC0020086,Active,False,Ruby,Shrimp,France,"Incident INC0020086, related to the Ruby vendor's Shrimp product in France, was opened on 17/4/2016 at 09:33 with a medium impact and urgency, resulting in a moderate priority. The incident was resolved quickly by 09:35 the same day and subsequently closed on 22/4/2016 at 10:07. The SLA was met, and no knowledge article was created. The incident remains active."
INC0027484,Resolved,False,Sapphire,Glaucus,Italy,"Incident INC0027484, with medium impact and urgency, was reported on 9/5/2016 at 13:18 concerning the Sapphire Glaucus product in Italy. The issue was resolved quickly by 13:24 the same day, meeting the SLA, and the incident was closed on 14/5/2016 at 14:07. The priority was moderate, and no knowledge article was created."
INC0013301,Resolved,False,Sapphire,BlueJay,Japan,"Incident INC0013301 involved a medium-impact and medium-urgency issue with the BlueJay product from vendor Sapphire in Japan. The incident was opened on 31/03/2016 at 06:58, resolved promptly by 07:05 the same day, and closed on 05/04/2016. The resolution met the SLA requirements, and the priority was set to moderate. No knowledge article was created for this incident."
INC0023545,New,False,Sapphire,Peacock,Poland,"Incident INC0023545, related to the Peacock product by vendor Sapphire in Poland, was opened on 28/04/2016 at 09:13 with medium impact and urgency, resulting in a moderate priority. The incident met its SLA, was resolved by 10/05/2016 at 10:15, and closed on 15/05/2016 at 11:07. The incident state is currently New, and no knowledge article was created."
INC0025693,Active,False,Ruby,Shrimp,Finland,"Incident INC0025693 involved a critical priority issue with high impact and urgency related to the Shrimp product by vendor Ruby in Finland. The incident was opened on 4/5/2016 at 08:57, met the SLA, resolved on 6/5/2016 at 10:35, and closed on 11/5/2016 at 11:07. The incident remains active and no knowledge article was created."
INC0008140,Awaiting User Info,False,Ruby,Fox,United Arab Emirates,"Incident INC0008140, related to the Ruby vendor's Fox product in the United Arab Emirates, was opened on 17/3/2016 with low impact, urgency, and priority. The incident met its SLA and was resolved by 23/3/2016 but remained in ""Awaiting User Info"" state until it was closed on 28/3/2016. No knowledge article was created."
INC0011192,Closed,False,Emerald,Turtle,Argentina,"Incident INC0011192, related to the Emerald vendor's Turtle product in Argentina, was opened on 24/3/2016 at 15:44 with medium impact and urgency, resulting in a moderate priority. The incident was resolved the same day at 16:13, met the SLA, and was closed on 29/3/2016. The incident state is closed, and no knowledge article was created."
INC0004856,Closed,True,Emerald,Boa,United Arab Emirates,"Incident INC0004856, related to the Boa product from vendor Emerald in the United Arab Emirates, was categorized with medium impact and urgency, resulting in moderate priority. The incident was opened on 9 March 2016 and resolved by 18 March 2016, but did not meet the SLA. It was closed on 24 March 2016 and marked with knowledge documentation. The incident state is closed."
INC0007978,Active,False,Ruby,LadyBug,Belgium,"Incident INC0007978 was a medium-impact, medium-urgency issue related to the LadyBug product by vendor Ruby in Belgium. It was opened on 16 March 2016 and resolved on 19 April 2016, meeting the service level agreement, and subsequently closed on 24 April 2016. The priority was moderate, and no knowledge article was created. The incident remains active."
INC0026716,Awaiting Vendor,False,Sapphire,Peacock,Germany,"Incident INC0026716, related to the Peacock product in Germany, was opened on 6/5/2016 with a medium impact and urgency, and a moderate priority. The incident status was ""Awaiting Vendor"" with vendor Sapphire involved. The issue met the SLA requirements and was resolved on 31/5/2016, then closed on 5/6/2016. No knowledge article was created."
INC0010430,Closed,False,Emerald,Turtle,Egypt,"Incident INC0010430, related to the product Turtle provided by vendor Emerald in Egypt, was opened on 23rd March 2016 and closed on 2nd April 2016. The incident had medium impact and urgency, with a moderate priority. It was resolved on 28th March 2016 but did not meet the SLA requirements. The incident is now closed."
INC0010611,Active,False,Sapphire,BlueTang,Pakistan,"Incident INC0010611, related to the BlueTang product by vendor Sapphire in Pakistan, was opened on 23 March 2016 at 14:53. It had a medium impact and urgency, resulting in a moderate priority. The incident met its SLA, was resolved on 6 April 2016 at 09:18, and closed on 11 April 2016 at 09:59. The incident state is currently active and knowledge documentation was not created."
INC0002033,Awaiting User Info,True,Ruby,Fox,South Korea,"Incident INC0002033, related to the Ruby vendor's Fox product in South Korea, was opened on March 3, 2016. It had a medium impact and urgency, resulting in a moderate priority. The incident met its SLA, was resolved on March 7, 2016, and closed on March 24, 2016. Its current state is awaiting user information, and relevant knowledge articles are available."
INC0010751,Resolved,False,Sapphire,Glaucus,China,"Incident INC0010751, involving the Sapphire Glaucus product in China, was opened on 23 March 2016 and resolved by 31 March 2016, meeting the SLA. It was classified with medium impact and urgency, resulting in a moderate priority. The incident was closed on 5 April 2016. Knowledge documentation was not created."
INC0009259,Active,False,Sapphire,BlueTang,Ecuador,"Incident INC0009259, with medium impact and urgency, was opened on March 21, 2016, regarding the BlueTang product from vendor Sapphire in Ecuador. The incident met its SLA and was resolved on June 1, 2016, and subsequently closed on June 6, 2016. The priority was moderate, and no knowledge article was created. The incident remains active."
INC0016969,Active,False,Sapphire,Peacock,Czech Republic,"Incident INC0016969, related to the Peacock product from vendor Sapphire in the Czech Republic, was opened on 8 April 2016 and had a medium impact and urgency, with a moderate priority. The incident met its SLA, was resolved on 15 June 2016, and closed on 20 June 2016. The incident remains active with no associated knowledge article."
INC0021243,Active,False,Ruby,Fox,Australia,"Incident INC0021243, related to the Ruby vendor's Fox product in Australia, was opened on 20/4/2016 and had a medium impact and urgency, resulting in a moderate priority. The incident met its SLA, was resolved on 25/4/2016, and closed on 30/4/2016. The current state is active, and no knowledge article was created."
INC0007546,Active,False,Sapphire,Peacock,Hungary,"Incident INC0007546, related to the Peacock product from vendor Sapphire in Hungary, was opened on 16/03/2016 at 08:42 with medium impact and urgency, resulting in a moderate priority. The incident met its SLA, was resolved on 27/04/2016 at 11:38, and closed on 02/05/2016 at 12:07. The incident is currently active and has no associated knowledge articles."
INC0003637,New,True,Sapphire,Glaucus,Netherlands,"Incident INC0003637, related to the Glaucus product by vendor Sapphire in the Netherlands, was opened on 7/3/2016 with a medium impact and urgency, resulting in a moderate priority. The incident met its SLA, was resolved on 14/3/2016, and closed on 24/3/2016. Knowledge documentation is available. The current state is New."
INC0004718,Awaiting User Info,True,Ruby,Shrimp,United States,"Incident INC0004718, related to the Ruby vendor's Shrimp product in the United States, was opened on March 9, 2016. It had a medium impact and urgency, resulting in a moderate priority. The incident met its SLA, was resolved on March 22, 2016, and closed on March 27, 2016. Currently, it is in the ""Awaiting User Info"" state, with knowledge available for reference."
INC0014516,Closed,False,Emerald,Frog,Mexico,"Incident INC0014516, related to the Frog product from vendor Emerald in Mexico, was a medium-impact and medium-urgency issue with moderate priority. It was opened on April 3, 2016, at 21:05, resolved on April 5, 2016, at 15:48, and closed on April 10, 2016, at 15:59. The incident met the SLA requirements but was not documented in the knowledge base. Its final status is closed."
INC0001948,Closed,True,Ruby,Fox,South Korea,"Incident INC0001948, related to the product Fox by vendor Ruby in South Korea, was opened on 3/3/2016 at 14:10 with medium impact and urgency, and a moderate priority. The incident was resolved the same day at 15:27 and eventually closed on 8/3/2016 at 16:00. The issue met the SLA requirements and had associated knowledge documentation. The incident state is closed."
INC0013608,Closed,False,Ruby,Shrimp,Italy,"Incident INC0013608, with medium impact and urgency and moderate priority, was opened on 31/3/2016 at 15:05 and resolved quickly by 15:11 the same day. The incident, related to the Ruby vendor's Shrimp product in Italy, met its SLA and was closed on 5/4/2016. No knowledge article was created."
INC0007247,Awaiting User Info,False,Sapphire,Peacock,Australia,"Incident INC0007247, related to the Peacock product by vendor Sapphire in Australia, was opened on 15/03/2016 at 11:52 with a medium impact and urgency, resulting in a moderate priority. The incident met its SLA and was resolved on 24/03/2016 at 08:56. Currently, it is in the ""Awaiting User Info"" state and was closed on 29/03/2016 at 08:59. No knowledge article was created for this incident."
INC0024706,New,False,Ruby,LadyBug,Hungary,"Incident INC0024706, related to the Ruby vendor's LadyBug product in Hungary, was opened on 2nd May 2016. It had a medium impact and urgency, with a moderate priority. The incident met its SLA, was resolved on 4th May 2016, and closed on 9th May 2016. The incident is currently in a new state and does not have associated knowledge articles."
INC0014323,New,False,Emerald,Frog,Nigeria,"Incident INC0014323, related to the product Frog from vendor Emerald in Nigeria, was opened on 1/4/2016 and closed on 13/4/2016. It had medium impact and urgency, resulting in a moderate priority. The incident was resolved within SLA but knowledge documentation was not created. The current state is New."
INC0004329,Closed,True,Ruby,LadyBug,Egypt,"Incident INC0004329, related to the Ruby vendor's LadyBug product in Egypt, was opened on 8 March 2016 and closed on 24 March 2016. It had a medium impact and urgency, resulting in a moderate priority. The incident was resolved on 18 March 2016 but did not meet the SLA. Knowledge documentation was created for this case."
INC0007434,Closed,False,Sapphire,Glaucus,Thailand,"Incident INC0007434, related to the product Glaucus by vendor Sapphire in Thailand, was opened on 15 March 2016 and closed on 27 March 2016. It had medium impact and urgency, with a moderate priority. The incident did not meet the SLA and was resolved on 22 March 2016. The ticket is now closed."
INC0028682,Awaiting User Info,False,Ruby,Ant,United States,"Incident INC0028682, related to the Ruby vendor's Ant product in the United States, was opened on 12/5/2016 at 09:16 with medium impact and urgency, assigned a moderate priority. The incident met its SLA, was resolved the same day at 15:38, and subsequently closed on 17/5/2016 at 16:07. The current state is Awaiting User Info, and no knowledge article has been created."
INC0001732,Resolved,True,Sapphire,BlueJay,Malaysia,"Incident INC0001732, classified with medium impact and urgency and moderate priority, was opened on 3 March 2016 for the BlueJay product by vendor Sapphire in Malaysia. The incident met its SLA, was resolved on 11 March 2016, and subsequently closed on 24 March 2016. Knowledge resources were created during the process. The incident is now resolved."
INC0002717,Awaiting User Info,True,Ruby,Fox,Vietnam,"Incident INC0002717, related to the Ruby vendor's Fox product in Vietnam, was opened on April 3, 2016, with medium impact and urgency, and moderate priority. The incident met its SLA and included knowledge documentation. It was resolved on March 8, 2016, and closed on March 24, 2016. Currently, the incident state is ""Awaiting User Info."""
INC0014128,Closed,False,Ruby,Ant,Switzerland,"Incident INC0014128, related to the Ant product from vendor Ruby in Switzerland, was opened on 1/4/2016 at 14:10 with medium impact and urgency, and moderate priority. The incident was resolved quickly by 14:19 the same day, met its SLA, and was officially closed on 6/4/2016. No knowledge article was created."
INC0000673,Awaiting User Info,True,Emerald,Croc,Greece,"Incident INC0000673, related to the Emerald vendor's Croc product in Greece, was opened on January 3, 2016. It had low impact, urgency, and priority levels, and met the SLA requirements. The incident was in the ""Awaiting User Info"" state, with knowledge documented. It was resolved on March 3, 2016, and closed on March 8, 2016."
INC0009772,Closed,False,Emerald,Croc,Pakistan,"Incident INC0009772 was a medium impact and urgency issue related to the Croc product from vendor Emerald in Pakistan. It was opened on 22 March 2016 at 08:06 and resolved the same day by 16:33, meeting the SLA. The incident was closed on 27 March 2016. The priority level was moderate, and no knowledge article was created."
INC0008999,New,False,Ruby,Fox,Australia,"Incident INC0008999, related to the Ruby vendor's Fox product in Australia, was opened on 19/03/2016 with medium impact and urgency, resulting in a moderate priority. The incident met its SLA, was resolved on 29/03/2016, and closed on 03/04/2016. The incident state is recorded as New, and no knowledge article was created."
INC0024314,New,False,Ruby,Ant,Peru,"Incident INC0024314, related to the Ruby vendor's Ant product in Peru, was opened on 29/4/2016 and had medium impact and urgency, resulting in a moderate priority. The incident was resolved by 2/5/2016 and closed on 7/5/2016, meeting the SLA. The incident is currently in a new state and does not include knowledge documentation."
INC0023167,Closed,False,Ruby,Fox,United Kingdom,"Incident INC0023167, related to the Ruby Fox product in the United Kingdom, was opened on 27/4/2016 at 11:47. It had a medium impact and urgency (both level 2), resulting in a moderate priority (level 3). The incident was resolved on the same day at 12:15, met its SLA, and was closed on 2/5/2016. No knowledge article was created."
INC0006536,Resolved,False,Sapphire,BlueJay,Norway,"Incident INC0006536, related to the Sapphire BlueJay product in Norway, was opened on 14/03/2016 and resolved by 06/04/2016. It had a medium impact and urgency, resulting in a moderate priority. The incident was resolved within the SLA and closed on 11/04/2016."
INC0019074,Active,False,Sapphire,Peacock,Bolivia,"Incident INC0019074, related to the Sapphire Peacock product in Bolivia, was opened on April 14, 2016, with a medium impact and urgency, resulting in a moderate priority. The incident met its SLA, was resolved on May 17, 2016, and closed on May 22, 2016. The current state is active, and no knowledge article is available."
INC0023173,Active,False,Sapphire,BlueJay,United Arab Emirates,"Incident INC0023173, involving the BlueJay product from vendor Sapphire in the United Arab Emirates, was opened on 27/4/2016 and resolved by 28/4/2016, with closure on 3/5/2016. The incident had a medium impact and urgency, resulting in a moderate priority. The service level agreement (SLA) was met, and the incident is currently active without associated knowledge documentation."
INC0023014,Active,False,Emerald,Frog,Malaysia,"Incident INC0023014, related to the product Frog by vendor Emerald in Malaysia, was opened on 27/4/2016 at 08:43 with a medium impact and urgency, resulting in a moderate priority. The incident met its SLA, was resolved on 2/5/2016 at 13:58, and closed on 7/5/2016 at 14:07. The incident remains active and does not have associated knowledge documentation."
INC0006891,New,False,Ruby,Fox,Czech Republic,"Incident INC0006891, related to the Ruby vendor's Fox product in the Czech Republic, was opened on 14/03/2016 at 16:40 with a medium impact and urgency, and a moderate priority. The incident met the SLA, was resolved on 15/03/2016 at 09:51, and closed on 24/03/2016 at 19:00. The incident is currently in a new state, and no knowledge article was created."
INC0004248,Closed,True,Sapphire,Glaucus,Norway,"Incident INC0004248, related to the Sapphire Glaucus product in Norway, was opened on 8 March 2016 with low impact, urgency, and priority. The incident met the SLA, was resolved by 10 March 2016, and closed on 24 March 2016. Knowledge documentation was created, and the incident is now closed."
INC0008108,Closed,False,Sapphire,Glaucus,United States,"Incident INC0008108, related to the Glaucus product from vendor Sapphire in the United States, was opened on 17/3/2016 at 08:56 with a medium impact and high urgency, resulting in a high priority. The incident did not meet the SLA and was resolved the same day at 19:21. It was subsequently closed on 24/3/2016. The incident is now closed, and no knowledge article was created."
INC0016684,Awaiting User Info,False,Sapphire,BlueJay,Portugal,"Incident INC0016684, related to the Sapphire BlueJay product in Portugal, was opened on 7th April 2016 with a medium impact and urgency, resulting in a moderate priority. The incident met its SLA targets and was resolved on 12th April 2016. As of the last update, it is awaiting user information and was officially closed on 17th April 2016. No knowledge article was associated with this incident."
INC0011648,Active,False,Emerald,Frog,Turkey,"Incident INC0011648, related to the Frog product by vendor Emerald in Turkey, was opened on 28/3/2016 with medium impact and urgency, classified as moderate priority. The incident met its SLA and was resolved on 6/4/2016 and closed on 11/4/2016. The incident is currently marked as active and does not have associated knowledge documentation."
INC0027845,New,False,Sapphire,Glaucus,Saudi Arabia,"Incident INC0027845, affecting the Glaucus product by vendor Sapphire in Saudi Arabia, was opened on 10/5/2016 and resolved on 23/5/2016, then closed on 28/5/2016. The incident had medium impact and urgency, with a moderate priority. It met the SLA and is currently in a new state. No knowledge article was created."
INC0008620,Resolved,False,Ruby,Fox,Peru,"Incident INC0008620, related to the Ruby vendor's Fox product in Peru, was classified with medium impact and urgency, and moderate priority. It was opened on March 18, 2016, and resolved on April 27, 2016, meeting the SLA. The incident was closed on May 2, 2016, and did not involve knowledge documentation. The incident state is resolved."
INC0010525,Active,False,Ruby,Ant,Philippines,"Incident INC0010525, related to the Ruby vendor's Ant product in the Philippines, was opened on 23/03/2016 at 12:35. It had a medium impact and urgency, resulting in a moderate priority. The incident met the SLA and was resolved on 01/04/2016 at 09:53, then closed on 06/04/2016 at 09:59. The ticket remains active, and no knowledge article was created."
INC0020572,Resolved,False,Sapphire,Peacock,Australia,"Incident INC0020572, related to the Peacock product by vendor Sapphire in Australia, was opened on 18 April 2016 and resolved by 29 April 2016, with closure on 4 May 2016. The incident had medium impact and urgency, resulting in a moderate priority level. The service level agreement was met, and no knowledge article was created. The incident is now resolved."
INC0027386,New,False,Sapphire,BlueJay,Germany,"Incident INC0027386, related to the BlueJay product from vendor Sapphire in Germany, was opened on 9/5/2016 at 10:34 with medium impact and urgency, resulting in a moderate priority classification. The incident met its SLA, was resolved the same day at 14:38, and closed on 14/5/2016 at 15:07. The incident is currently marked as New and has no associated knowledge article."
INC0010236,New,False,Emerald,Turtle,Indonesia,"Incident INC0010236 was opened on 23/3/2016 at 01:46 with a medium impact and urgency, resulting in a moderate priority. The incident involved the Emerald vendor's Turtle product in Indonesia. It met the SLA requirements, was resolved the same day at 11:24, and closed on 28/3/2016. The incident is currently in a new state and does not have associated knowledge documentation."
INC0018860,Resolved,False,Ruby,Fox,Australia,"Incident INC0018860, related to the Ruby vendor's Fox product in Australia, was opened on 13/4/2016 at 17:10 with a medium impact and urgency, and a moderate priority. The incident was resolved swiftly by 17:13 the same day, meeting the SLA, and was officially closed on 18/4/2016 at 16:11. The incident is now marked as resolved."
INC0004151,Active,True,Ruby,Shrimp,United Kingdom,"Incident INC0004151, concerning the Ruby vendor's Shrimp product in the United Kingdom, was opened on 8 March 2016 and had a medium impact and urgency, resulting in a moderate priority. The incident met its SLA requirements, was resolved on 14 March 2016, and closed on 24 March 2016. The incident remains active, and relevant knowledge documentation is available."
INC0025205,Active,False,Emerald,Frog,Belgium,"Incident INC0025205 is currently active with a medium impact and urgency, assigned a moderate priority. It was opened on March 5, 2016, at 08:23 and resolved on May 5, 2016, at 09:13, later closed on May 10, 2016, at 10:07. The incident involved the Frog product from the vendor Emerald in Belgium and met the service level agreement. No knowledge article was created."
INC0004412,Resolved,True,Sapphire,Glaucus,Argentina,"Incident INC0004412, related to the Glaucus product by vendor Sapphire in Argentina, was opened on 8 March 2016 and resolved on 21 March 2016, with closure on 26 March 2016. The incident had a medium impact and urgency, categorized with moderate priority. The service level agreement (SLA) was met, and relevant knowledge documentation was created. The incident is now resolved."
INC0008486,Resolved,False,Emerald,Boa,Switzerland,"Incident INC0008486, related to the Boa product from vendor Emerald in Switzerland, was a high-impact, high-urgency, critical priority issue. It was opened on 17 March 2016 at 17:55 and resolved on 18 April 2016 at 09:44, meeting the SLA. The incident was subsequently closed on 23 April 2016 at 10:07."
INC0012471,New,False,Emerald,Turtle,Belgium,"Incident INC0012471, related to the product Turtle by vendor Emerald in Belgium, was opened on 29/3/2016 at 11:22 with medium impact and urgency, resulting in a moderate priority. The incident was initially new, met its SLA, and was resolved on 11/4/2016 at 16:22 before being closed on 16/4/2016 at 17:07. No knowledge article was associated with this incident."
INC0016794,New,False,Sapphire,Glaucus,Kenya,"Incident INC0016794, related to the Sapphire Glaucus product in Kenya, was opened on 8/4/2016 at 08:44 with a medium impact and urgency, and a moderate priority. The incident met the SLA, was resolved the same day at 16:10, and subsequently closed on 13/4/2016 at 16:59. The incident is currently in a new state and has no associated knowledge article."
INC0012263,Awaiting User Info,False,Ruby,Ant,Ireland,"Incident INC0012263, related to the Ruby Ant product in Ireland, was opened on 29/03/2016 with medium impact and urgency, resulting in a moderate priority. The incident met its SLA and is currently awaiting user information. It was resolved on 06/04/2016 and closed on 11/04/2016. No knowledge article was created."
INC0003884,Active,True,Sapphire,Peacock,China,"Incident INC0003884, related to the Sapphire Peacock product in China, was opened on 8/3/2016 at 05:45 with a medium impact and urgency, resulting in a moderate priority. The incident met the SLA, was resolved the same day at 10:21, and eventually closed on 24/3/2016 at 18:41. Knowledge documentation was created during the process."
INC0013501,Closed,False,Sapphire,Glaucus,Ecuador,"Incident INC0013501 involved the Glaucus product from vendor Sapphire in Ecuador. It was opened on 31/03/2016 at 12:08 with a medium impact and urgency, resulting in a moderate priority. The incident was resolved the same day at 13:44 and closed on 05/04/2016 at 13:59. The service level agreement (SLA) was met, and no knowledge article was created. The incident is now closed."
INC0007423,New,False,Sapphire,BlueTang,Portugal,"Incident INC0007423, related to the BlueTang product by vendor Sapphire in Portugal, was opened on 15/03/2016 with medium impact and urgency, resulting in a moderate priority. The incident met its SLA, was resolved on 17/03/2016, and closed on 24/03/2016. The incident is currently in a new state with no associated knowledge articles."
INC0023179,Resolved,False,Sapphire,BlueTang,Vietnam,"Incident INC0023179, related to the BlueTang product from vendor Sapphire in Vietnam, was classified with medium impact and urgency, resulting in a moderate priority. The incident was opened on April 27, 2016, at 11:57, resolved by April 28, 2016, at 08:23, and closed on May 3, 2016, at 09:07. The service level agreement (SLA) was met, and the ticket is now resolved."
INC0006822,Awaiting User Info,False,Ruby,Shrimp,Romania,"Incident INC0006822, related to the Ruby vendor's Shrimp product in Romania, was opened on 14/03/2016 with a medium impact and urgency, resulting in a moderate priority. The incident met the SLA but is currently awaiting user information. It was resolved on 23/03/2016 and closed on 28/03/2016. No knowledge article was created."
INC0010499,Active,False,Sapphire,Peacock,Thailand,"Incident INC0010499, related to the Peacock product from vendor Sapphire in Thailand, was opened on 23/3/2016 at 11:44 with medium impact and urgency, resulting in a moderate priority. The incident met the SLA, was resolved the same day at 14:10, and finally closed on 28/3/2016 at 14:59. The incident is currently marked as Active and has no associated knowledge articles."
INC0007898,New,False,Sapphire,BlueTang,Germany,"Incident INC0007898, related to the Sapphire BlueTang product in Germany, was opened on 16/03/2016 at 15:23 with a medium impact and urgency, resulting in a moderate priority. The incident met its SLA, was resolved on 18/03/2016 at 09:33, and closed on 24/03/2016 at 19:01. The incident state is currently New, and no knowledge article was created."
INC0006362,New,False,Ruby,LadyBug,Kenya,"Incident INC0006362 was opened on 14/3/2016 at 04:11 with a medium impact and urgency, resulting in a moderate priority. The issue involved the Ruby vendor's LadyBug product in Kenya. The incident met its SLA, was resolved on the same day by 10:20, and subsequently closed on 24/3/2016."
INC0008739,New,False,Emerald,Frog,Norway,"Incident INC0008739, related to the Emerald Frog product in Norway, was opened on 18/3/2016 and closed on 4/4/2016. It had a medium impact and urgency, with a moderate priority. The incident met the SLA but was not marked as a knowledge article."
INC0015805,Active,False,Sapphire,BlueJay,Switzerland,"Incident INC0015805, related to the BlueJay product from vendor Sapphire in Switzerland, was opened on 6/4/2016 and resolved by 7/4/2016, then closed on 12/4/2016. It had a medium impact and urgency, resulting in a moderate priority. The incident met the SLA requirements and is currently active, with no associated knowledge articles."
INC0015692,Awaiting User Info,False,Ruby,Ant,Morocco,"Incident INC0015692, related to the Ruby Ant product in Morocco, was opened on April 6, 2016. It had a medium impact and urgency, with a moderate priority level. The incident state is currently awaiting user information. The SLA was met, and the issue was resolved on April 11, 2016, and closed on April 16, 2016. No knowledge article was created."
INC0025693,Closed,False,Sapphire,Glaucus,Croatia,"Incident INC0025693, categorized as high impact and urgency with critical priority, involved the Sapphire vendor's Glaucus product in Croatia. The ticket was opened on 4th May 2016 at 08:57 and resolved by 6th May 2016 at 10:35 but was closed later on 11th May 2016 at 11:07. The incident did not meet the SLA and no knowledge article was created. The incident state is now closed."
INC0028265,New,False,Emerald,Boa,Belgium,"Incident INC0028265 was opened on 11/5/2016 with medium impact and urgency, assigned a moderate priority. The issue involved the Boa product from vendor Emerald in Belgium. The incident was resolved by 13/5/2016 and closed on 18/5/2016, meeting the SLA requirements. The ticket is currently in a New state and no knowledge article was created."
INC0006882,New,False,Emerald,Turtle,Norway,"Incident INC0006882, related to the Emerald vendor's Turtle product in Norway, was opened on 14 March 2016 at 16:28 with a medium impact and urgency, resulting in a moderate priority. The incident met its SLA, was resolved on 29 March 2016 at 14:33, and closed on 3 April 2016 at 14:59. The incident is currently in a New state and does not have an associated knowledge article."
INC0004248,New,True,Ruby,Fox,Morocco,"Incident INC0004248 was opened on 8 March 2016 and closed on 24 March 2016. It had low impact, urgency, and priority (all rated 3 or 4 - Low). The incident met the SLA and involved the Ruby vendor and Fox product in Morocco. The issue was resolved on 10 March 2016."
INC0017334,Closed,False,Sapphire,BlueJay,Australia,"Incident INC0017334, related to the Sapphire BlueJay product in Australia, was opened on 11/4/2016 and closed on 2/5/2016. It had a medium impact and urgency, resulting in a moderate priority. The incident did not meet the SLA and was resolved on 27/4/2016. The ticket is now closed."
INC0026828,Awaiting User Info,False,Sapphire,BlueTang,United States,"Incident INC0026828, related to the BlueTang product from vendor Sapphire in the United States, was opened on June 5, 2016. It had a medium impact and urgency, resulting in a moderate priority. The incident was marked as awaiting user information and met its SLA. It was resolved on May 17, 2016, and subsequently closed on May 22, 2016."
INC0010143,Active,False,Ruby,Shrimp,Switzerland,"Incident INC0010143, related to the Ruby vendor's Shrimp product in Switzerland, was opened on 22 March 2016 and had a medium impact and urgency, with moderate priority. The incident met the SLA, was resolved on 29 March 2016, and closed on 3 April 2016. The incident is currently active and has no associated knowledge documentation."
INC0000720,Closed,True,Ruby,Shrimp,United Arab Emirates,"Incident INC0000720, related to the Ruby vendor's Shrimp product in the United Arab Emirates, was classified with medium impact and urgency, and moderate priority. It was opened on January 3, 2016, and resolved on March 17, 2016, but did not meet the SLA. The incident was closed on March 24, 2016, and knowledge documentation was created."
INC0002283,Closed,True,Emerald,Turtle,Brazil,"Incident INC0002283, related to the product Turtle from vendor Emerald in Brazil, was opened on 4/3/2016 at 08:53 with low impact and priority, and medium urgency. The incident met the SLA, was resolved the same day at 16:58, and closed on 9/3/2016 at 17:00. The knowledge article was created, and the incident is now closed."
INC0026352,Active,False,Sapphire,BlueTang,Switzerland,"Incident INC0026352, related to the Sapphire BlueTang product in Switzerland, was opened on 5/5/2016 and closed on 17/5/2016. It had a medium impact and urgency, resulting in a moderate priority. The incident met its SLA, was active during the resolution period, and did not involve knowledge base documentation."
INC0006829,New,False,Sapphire,Peacock,Poland,"Incident INC0006829, categorized with medium impact and urgency (priority 3 - Moderate), was opened on 14/3/2016 at 15:15 in Poland involving the Sapphire vendor and the Peacock product. The incident met its SLA, was resolved by 16/3/2016 at 11:11, and closed on 24/3/2016 at 19:00. Knowledge documentation was not created. The current state is New."
INC0007752,Active,False,Emerald,Croc,Israel,"Incident INC0007752, related to the Emerald vendor's Croc product in Israel, was opened on 16/3/2016 at 11:54 with a medium impact and urgency, resulting in a moderate priority. The incident met its SLA, was resolved by 18/3/2016 at 09:48, and closed on 24/3/2016 at 19:01. The incident remains active without an associated knowledge article."
INC0026408,New,False,Ruby,LadyBug,Hungary,"Incident INC0026408, related to the Ruby vendor's LadyBug product in Hungary, was opened on 5/5/2016 and had a medium impact and urgency, resulting in a moderate priority. The incident met its SLA, was resolved on 3/6/2016, and closed on 8/6/2016. The current state is New, and no knowledge article was created."
INC0005172,Awaiting User Info,True,Emerald,Croc,India,"Incident INC0005172, related to the Emerald Croc product in India, was opened on 10/3/2016 and had a medium impact and urgency, with moderate priority. The incident is currently awaiting user information, met its SLA, and involved knowledge management. It was resolved on 11/3/2016 and closed on 24/3/2016."
INC0020154,New,False,Ruby,Fox,Switzerland,"Incident INC0020154 was opened on 18/4/2016 at 08:24 in Switzerland, involving the Fox product from vendor Ruby. It had a medium impact and urgency, with a moderate priority. The incident met its SLA, was resolved the same day at 12:10, and closed on 23/4/2016 at 13:07. The incident state is currently New, and no knowledge article was created."
INC0020115,New,False,Emerald,Frog,Spain,"Incident INC0020115, related to the Frog product by vendor Emerald in Spain, was opened on 18/04/2016 at 00:14 with a medium impact and urgency, resulting in a moderate priority. The incident met the SLA and was resolved the same day at 00:53, then closed on 23/04/2016 at 01:07. The incident is currently in a new state and does not have associated knowledge."
INC0006440,Active,False,Emerald,Croc,Pakistan,"Incident INC0006440, related to the Croc product from vendor Emerald in Pakistan, was opened on 14/3/2016 with a medium impact and urgency, resulting in a moderate priority. The incident met the SLA, was resolved on 16/3/2016, and closed on 24/3/2016. The incident is currently marked as active and does not have an associated knowledge article."
INC0007334,New,False,Emerald,Frog,Brazil,"Incident INC0007334, related to the Emerald Frog product in Brazil, was opened on 15/03/2016 with a medium impact and urgency, and moderate priority. The incident was resolved on 22/03/2016 and closed on 27/03/2016, meeting the SLA. The incident is currently in a new state and no knowledge article has been created."
INC0003256,Active,True,Sapphire,Peacock,Italy,"Incident INC0003256, related to the Peacock product from vendor Sapphire in Italy, was opened on 7/3/2016 with high impact and priority and medium urgency. The incident met its SLA, was resolved by 30/3/2016, and closed on 4/4/2016. It is currently marked as active and has associated knowledge documentation."
INC0027537,Closed,False,Emerald,Boa,Hungary,"Incident INC0027537, related to the Emerald vendor's Boa product in Hungary, was opened on 9/5/2016 and closed on 15/5/2016. The incident had medium impact and urgency, with a moderate priority. It was resolved within the SLA and is now closed."
INC0023151,Active,False,Ruby,Shrimp,Vietnam,"Incident INC0023151, related to the Ruby vendor's Shrimp product in Vietnam, was opened on 27/4/2016 at 11:31 with a medium impact and urgency, resulting in a moderate priority. The incident met its SLA, was resolved the same day at 13:51, and closed on 2/5/2016 at 14:07. The incident is currently marked as active, and no knowledge article was created."
INC0016311,Resolved,False,Ruby,LadyBug,Mexico,"Incident INC0016311, related to the LadyBug product by vendor Ruby in Mexico, was opened on July 4, 2016, at 08:04 with medium impact and urgency, and moderate priority. The incident was resolved the same day at 12:21, meeting the SLA, and was subsequently closed on December 4, 2016, at 12:59."
INC0008475,Closed,False,Sapphire,Glaucus,United Arab Emirates,"Incident INC0008475, related to the Sapphire Glaucus product in the United Arab Emirates, was opened on 17/3/2016 at 17:16 with a medium impact and urgency, resulting in a moderate priority. The incident was resolved the same day at 17:31 and subsequently closed on 24/3/2016 at 19:02. The service level agreement (SLA) was met, and no knowledge article was created."
INC0014502,New,False,Ruby,LadyBug,Ireland,"Incident INC0014502 was opened on April 3, 2016, related to the LadyBug product by vendor Ruby in Ireland. It had a medium impact and urgency, resulting in a moderate priority. The incident met its SLA, was resolved on April 14, 2016, and closed on April 19, 2016. The incident state is currently New, and no knowledge article was created."
INC0019154,Closed,False,Emerald,Frog,France,"Incident INC0019154, related to the Frog product from vendor Emerald in France, was opened on 14/4/2016 at 12:01 with medium impact and urgency, assigned a moderate priority. The incident met the SLA and was resolved the same day at 12:43. It was subsequently closed on 19/4/2016 at 13:07. The incident state is closed and no knowledge article was created."
INC0025867,Active,False,Emerald,Frog,Denmark,"Incident INC0025867, related to the Emerald vendor's Frog product in Denmark, was opened on 4/5/2016 at 13:22 with medium impact and urgency, resulting in a moderate priority. The incident was resolved quickly by 13:29 the same day and closed on 9/5/2016 at 14:07. The SLA was met, and the incident remains active with no associated knowledge article."
INC0027874,New,False,Sapphire,BlueTang,Finland,"Incident INC0027874, opened on 10/5/2016, involved a medium-impact, medium-urgency issue with Sapphire's BlueTang product in Finland. The incident was prioritized as moderate and resolved by 13/6/2016, then closed on 18/6/2016. The service level agreement was met, and no knowledge article was created. Currently, the incident state is New."
INC0004032,Active,True,Emerald,Boa,Greece,"Incident INC0004032, related to the Emerald vendor's Boa product in Greece, was opened on 8 March 2016 at 09:27 with a medium impact and urgency, resulting in a moderate priority. The incident was active but met its SLA, was resolved on 11 March 2016 at 14:00, and closed on 24 March 2016 at 18:50. Knowledge resources were available for this incident."
INC0009681,Active,False,Emerald,Frog,Mexico,"Incident INC0009681, related to the Frog product from vendor Emerald in Mexico, was opened on 21/03/2016 and had a medium impact and urgency, with a moderate priority. The incident met its SLA, was resolved on 04/04/2016, and closed on 09/04/2016. The incident is currently marked as active and is not linked to any knowledge article."
INC0013962,Active,False,Ruby,LadyBug,Ukraine,"Incident INC0013962 involved a low-impact issue related to the LadyBug product from vendor Ruby in Ukraine. The incident was opened on January 4, 2016, and despite its low urgency and priority, it was resolved by April 4, 2016, and closed on April 9, 2016. The service level agreement (SLA) was met, but no knowledge article was created. The incident remains marked as active."
INC0022188,Closed,False,Ruby,Shrimp,Turkey,"Incident INC0022188, related to the Ruby vendor's Shrimp product in Turkey, was opened on 25/04/2016 at 10:15 with a medium impact and urgency, resulting in a moderate priority. The incident was resolved quickly by 10:19 the same day and closed on 30/04/2016 at 11:07. The service level agreement (SLA) was met."
INC0025182,Active,False,Emerald,Boa,Brazil,"Incident INC0025182, related to the product Boa from vendor Emerald in Brazil, was opened on March 5, 2016. It had a medium impact and urgency, with a moderate priority. The incident met its SLA, was resolved on May 16, 2016, and closed on May 21, 2016. The incident state is currently active, and no knowledge article was created."
INC0004370,Closed,True,Sapphire,Glaucus,Egypt,"Incident INC0004370, related to the Glaucus product from vendor Sapphire in Egypt, was classified with medium impact and urgency, resulting in a moderate priority. It was opened on August 3, 2016, at 14:56 and resolved the same day by 16:54 but was closed later on March 24, 2016, at 18:41. The incident did not meet the SLA but has associated knowledge documentation. The incident status is now closed."
INC0029102,New,False,Ruby,Fox,Germany,"Incident INC0029102, opened on 13/05/2016 at 08:41 in Germany, involved the Fox product by vendor Ruby. It had a medium impact and urgency, resulting in a moderate priority. The incident was resolved quickly by 08:44 the same day and subsequently closed on 18/05/2016 at 09:07. The SLA was met, and no knowledge article was created. The current state is New."
INC0015428,Awaiting Vendor,False,Ruby,Ant,Austria,"Incident INC0015428, related to the Ant product by vendor Ruby in Austria, was opened on May 4, 2016. It had a medium impact and urgency, resulting in a moderate priority. The incident was in the ""Awaiting Vendor"" state, met its SLA, and was resolved on July 21, 2016, before being closed on July 26, 2016. No knowledge article was created for this incident."
INC0026949,Resolved,False,Emerald,Boa,Indonesia,"Incident INC0026949, involving the Emerald vendor's Boa product in Indonesia, was opened on 6/5/2016 at 15:20 with a medium impact and urgency, and a moderate priority. The issue was resolved promptly by 15:24 on the same day, meeting the SLA, and subsequently closed on 11/5/2016 at 16:07. The incident is now resolved and no knowledge article was created."
INC0018848,Closed,False,Ruby,Ant,Vietnam,"Incident INC0018848, related to the Ruby vendor's Ant product in Vietnam, was opened on April 13, 2016, with a medium impact and urgency, resulting in a moderate priority. The incident met the SLA and was closed on April 18, 2016. The incident is now closed."
INC0007346,Active,False,Emerald,Boa,Hungary,"Incident INC0007346, related to the Boa product from vendor Emerald in Hungary, was opened on 15/3/2016 with medium impact and urgency, and moderate priority. The incident met its SLA, was resolved on 22/3/2016, and closed on 27/3/2016. The incident is currently marked as active and no knowledge article has been created."
INC0014300,New,False,Sapphire,Glaucus,Mexico,"Incident INC0014300 was opened on April 1, 2016, at 17:22 with a medium impact and urgency, resulting in a moderate priority. The issue involved the Glaucus product from vendor Sapphire in Mexico. The incident met SLA requirements, was resolved quickly by 17:29 the same day, and was closed on April 6, 2016. The incident is currently marked as New and does not have associated knowledge documentation."
INC0000974,New,True,Sapphire,BlueTang,China,"Incident INC0000974, related to the BlueTang product from vendor Sapphire in China, was opened on 2nd March 2016 with a medium impact and urgency, classified as moderate priority. The incident was resolved by 8th March and closed on 24th March 2016. The service level agreement (SLA) was met, and knowledge documentation was created. The current incident state is New."
INC0015788,Closed,False,Ruby,Shrimp,South Korea,"Incident INC0015788, related to the Ruby vendor's Shrimp product in South Korea, was a medium impact and urgency issue with moderate priority. It was opened on June 4, 2016, and closed on December 21, 2016. The incident was resolved on December 16, 2016, but did not meet the SLA. The incident is now closed and no knowledge article was created."
INC0000785,Resolved,True,Sapphire,Peacock,Israel,"Incident INC0000785, related to the Peacock product by vendor Sapphire in Israel, was a medium impact and urgency issue with moderate priority. It was opened on March 1, 2016, at 15:11, resolved on March 9, 2016, at 15:57, and closed on March 24, 2016, at 18:40. The incident was resolved within SLA and has associated knowledge documentation. The incident state is resolved."
INC0013785,Resolved,False,Emerald,Boa,Pakistan,"Incident INC0013785, related to the Emerald Boa product in Pakistan, was opened on 1/4/2016 at 06:57 with a medium impact and urgency, and moderate priority. The incident was resolved promptly within a minute and ultimately closed on 6/4/2016 at 06:59. The service level agreement (SLA) was met."
INC0003260,New,True,Ruby,Fox,Kenya,"Incident INC0003260 was opened on 7/3/2016 at 10:37 with a medium impact and urgency, resulting in a moderate priority. The issue, related to the Ruby vendor's Fox product in Kenya, was resolved the same day by 11:55 and closed on 24/3/2016 at 18:40. The incident met its SLA and had associated knowledge documentation."
INC0016290,Active,False,Sapphire,BlueJay,United States,"Incident INC0016290, related to the Sapphire vendor's BlueJay product in the United States, was opened on 7/4/2016 at 01:37 with a medium impact and urgency, resulting in a moderate priority. The incident met the SLA, was resolved by 7/4/2016 at 01:52, and closed on 12/4/2016 at 01:59. The incident state is active, and no knowledge article was created."
INC0015796,Active,False,Ruby,LadyBug,South Africa,"Incident INC0015796, related to the Ruby vendor's LadyBug product in South Africa, was opened on 6/4/2016 with medium impact and urgency, resulting in a moderate priority. The incident remained active but met its SLA, was resolved on 8/4/2016, and closed on 13/4/2016. No knowledge article was created."
INC0002483,New,True,Emerald,Croc,Poland,"Incident INC0002483, categorized as high impact and high priority with medium urgency, was opened on 4/3/2016 and resolved by 9/3/2016. The incident involved the product Croc from vendor Emerald in Poland. The service level agreement (SLA) was met, and relevant knowledge documentation was available. The incident was closed on 24/3/2016."
INC0001155,Closed,True,Sapphire,Peacock,Finland,"Incident INC0001155, related to the Peacock product by vendor Sapphire in Finland, was a medium-impact and medium-urgency issue with moderate priority. It was opened on February 3, 2016, and resolved on April 25, 2016, but did not meet the SLA. The incident was closed on April 30, 2016, and knowledge documentation was created."
INC0011576,Active,False,Ruby,LadyBug,Switzerland,"Incident INC0011576, related to the LadyBug product by vendor Ruby in Switzerland, was opened on 27/03/2016 at 13:21 with medium impact and urgency, and moderate priority. The incident remained active, met the SLA, and was resolved on 29/03/2016 at 10:11. It was ultimately closed on 01/04/2016 at 10:43. No knowledge article was created for this incident."
INC0001030,New,True,Emerald,Croc,Denmark,"Incident INC0001030, related to the product Croc from vendor Emerald in Denmark, was opened on 2 March 2016 at 09:02 with a medium impact and urgency, assigned a moderate priority. The incident met its SLA, was resolved on 7 March 2016 at 11:48, and closed on 24 March 2016 at 18:40. The incident is currently in a New state and has associated knowledge documentation."
INC0024733,Active,False,Emerald,Croc,Chile,"Incident INC0024733, related to the vendor Emerald's product Croc in Chile, was opened on 2/5/2016 at 09:28 with medium impact and urgency, and a moderate priority. The incident was resolved quickly by 09:31 the same day and closed on 7/5/2016 at 10:07. It met the SLA but did not involve knowledge documentation and remains active."
INC0010310,Active,False,Ruby,Shrimp,Switzerland,"Incident INC0010310, related to the Ruby vendor's Shrimp product in Switzerland, was opened on 23/3/2016 at 08:41. It had a medium impact and urgency, with a moderate priority. The incident met its SLA, was resolved the same day at 10:40, and finally closed on 28/3/2016 at 10:59. The incident is currently active and not linked to any knowledge articles."
INC0008323,Resolved,False,Sapphire,BlueJay,Mexico,"Incident INC0008323, related to the Sapphire BlueJay product in Mexico, was classified with medium impact and urgency, resulting in a moderate priority. The incident was opened on March 17, 2016, and resolved by March 24, 2016, meeting the SLA. It was subsequently closed on March 29, 2016. The issue did not result in the creation of a knowledge article."
INC0020378,New,False,Ruby,Fox,Nigeria,"Incident INC0020378 was opened on 18/4/2016 at 12:01 with medium impact and urgency, resulting in a moderate priority. The incident, involving the Ruby vendor and Fox product in Nigeria, met its SLA and was resolved on 19/4/2016 at 14:25, then closed on 24/4/2016 at 15:07. The incident is currently in a new state and no knowledge article was created."
INC0025963,Closed,False,Sapphire,Glaucus,South Africa,"Incident INC0025963, related to the Sapphire Glaucus product in South Africa, was opened on 4/5/2016 at 15:34 with a medium impact and urgency, resulting in a moderate priority. The incident was resolved the same day at 16:20 and closed on 9/5/2016 at 17:07. The service level agreement was met, and no knowledge article was created. The incident is now closed."
INC0016083,New,False,Emerald,Boa,Indonesia,"Incident INC0016083 was opened on April 6, 2016, with medium impact and urgency, resulting in a moderate priority. The issue involved the Emerald vendor's Boa product in Indonesia. The incident met the SLA, was resolved on April 15, 2016, and closed on April 20, 2016. The incident is currently in a new state, and no knowledge base article was created."
INC0010072,Resolved,False,Emerald,Boa,Finland,"Incident INC0010072, related to the Boa product from vendor Emerald in Finland, was opened on 22/03/2016 and resolved by 30/03/2016, with closure on 04/04/2016. The incident had medium impact and urgency, resulting in a moderate priority. The service level agreement was met, and the incident is now resolved."
INC0011496,Resolved,False,Emerald,Turtle,Portugal,"Incident INC0011496, related to the Emerald vendor's Turtle product in Portugal, was opened on 26/3/2016 at 13:19 with a medium impact and urgency, resulting in a moderate priority. The incident was resolved on 28/3/2016 at 09:19, met the SLA, and was closed on 2/4/2016 at 09:59. The incident state is resolved, and no knowledge article was created."
INC0018337,Active,False,Ruby,Fox,United States,"Incident INC0018337 was reported on 12/4/2016 with a medium impact and urgency, resulting in a moderate priority. The issue involved the Fox product from the vendor Ruby, affecting users in the United States. The incident remained active but met its SLA, was resolved on 19/4/2016, and closed on 24/4/2016."
INC0022076,Closed,False,Ruby,Fox,Pakistan,"Incident INC0022076, related to the Ruby vendor's Fox product in Pakistan, was opened on 25/4/2016 at 08:39 with medium impact and urgency, and a moderate priority. The incident was resolved quickly by 08:44 the same day, met SLA requirements, and was closed on 30/4/2016 at 09:07. The incident is now closed, with no knowledge article created."
INC0025877,Resolved,False,Sapphire,BlueTang,Japan,"Incident INC0025877, related to the Sapphire BlueTang product in Japan, was opened on 4/5/2016 and resolved by 6/5/2016, meeting the SLA. It had a medium impact and urgency, with a moderate priority. The incident was closed on 11/5/2016 and did not result in knowledge base documentation."
INC0003065,Active,True,Emerald,Turtle,Switzerland,"Incident INC0003065 was opened on July 3, 2016, at 08:26 with a medium impact and urgency, resulting in a moderate priority. The issue involved the Turtle product from the vendor Emerald in Switzerland. The incident met the SLA, was resolved on March 17, 2016, at 08:43, and closed on March 24, 2016, at 18:59."
INC0012601,New,False,Emerald,Croc,Italy,"Incident INC0012601 was opened on 29/3/2016 with a medium impact and urgency, assigned a moderate priority. The issue involved the Emerald vendor's Croc product in Italy. The incident met the SLA, was resolved on 6/4/2016, and closed on 11/4/2016. The knowledge base was not updated."
INC0015791,Active,False,Emerald,Frog,Ecuador,"Incident INC0015791, related to the Frog product by vendor Emerald in Ecuador, was opened on April 6, 2016, with a medium impact and urgency, resulting in a moderate priority. The incident met the SLA, was resolved on April 11, 2016, and closed on April 16, 2016. The incident is currently active and not linked to any knowledge articles."
INC0019061,New,False,Emerald,Boa,Bolivia,"Incident INC0019061, related to the product Boa from vendor Emerald in Bolivia, was opened on 14/4/2016 at 10:20 with medium impact and urgency, and moderate priority. The incident was resolved quickly by 10:31 on the same day, met SLA requirements, and was closed on 19/4/2016 at 11:07. The incident is currently in a New state and has no associated knowledge article."
INC0006751,New,False,Sapphire,BlueTang,Czech Republic,"Incident INC0006751 was opened on 14/03/2016 with a medium impact and urgency, resulting in a moderate priority. It involved the Sapphire vendor's BlueTang product in the Czech Republic. The incident met its SLA, was resolved on 18/03/2016, and closed on 24/03/2016. The incident is currently in a new state and has no associated knowledge articles."
INC0025365,Resolved,False,Sapphire,Glaucus,Sweden,"Incident INC0025365, related to the product Glaucus from vendor Sapphire in Sweden, was opened on March 5, 2016. It had a medium impact and urgency with a moderate priority. The incident was resolved by May 5, 2016, meeting the SLA, and subsequently closed on May 10, 2016. The incident state is resolved, and no knowledge article was created."
INC0021138,Active,False,Ruby,LadyBug,India,"Incident INC0021138, related to the LadyBug product by vendor Ruby in India, was opened on 20/4/2016 with a high impact and urgency, classified as critical priority. The incident met its SLA, was resolved on 26/4/2016, and closed on 1/5/2016. The incident is currently marked as active and has no associated knowledge article."
INC0006749,Resolved,False,Ruby,LadyBug,Chile,"Incident INC0006749, related to the Ruby vendor's LadyBug product in Chile, was opened on 14/03/2016 and resolved by 16/03/2016, meeting the SLA requirements. The incident had a medium impact and urgency, with a moderate priority. It was closed on 24/03/2016. Knowledge article creation was not performed."
INC0021121,New,False,Sapphire,BlueJay,Morocco,"Incident INC0021121 was opened on 20/04/2016 at 00:22 with a medium impact and urgency, resulting in a moderate priority. The issue, related to the Sapphire vendor's BlueJay product in Morocco, met the SLA and was resolved quickly by 00:25 the same day. The incident remained open until it was closed on 25/04/2016 at 01:07. Knowledge documentation was not created for this incident."
INC0015909,Resolved,False,Ruby,Ant,Finland,"Incident INC0015909, related to the product Ant from vendor Ruby in Finland, was opened on April 6, 2016, with a medium impact and urgency, and a moderate priority. The incident was resolved by April 20, 2016, meeting the SLA, and subsequently closed on April 25, 2016. The incident state is resolved and no knowledge article was created."
INC0028975,New,False,Sapphire,BlueJay,Belgium,"Incident INC0028975, categorized with medium impact and urgency, was opened on 12/5/2016 and resolved by 16/5/2016, meeting the SLA requirements. The incident involved the BlueJay product from vendor Sapphire in Belgium. It was closed on 21/5/2016 with a moderate priority."
INC0007989,Active,False,Emerald,Frog,Germany,"Incident INC0007989, related to the Frog product by vendor Emerald in Germany, was opened on 16/03/2016 with medium impact and urgency, and moderate priority. The incident was actively managed, met its SLA, and was resolved on 23/03/2016 before being closed on 28/03/2016."
INC0013578,Active,False,Sapphire,Peacock,Sweden,"Incident INC0013578, related to the Peacock product by vendor Sapphire in Sweden, was opened on 31/3/2016 at 14:19 with medium impact and urgency, resulting in a moderate priority. The incident met the SLA, was resolved on the same day at 14:54, and closed on 5/4/2016 at 14:59. The incident is currently active, and no knowledge article was created."
INC0015105,New,False,Emerald,Boa,Israel,"Incident INC0015105 was opened on 4th April 2016 and closed on 11th April 2016. It involved the Emerald vendor's Boa product in Israel. The incident had a medium impact and urgency, resulting in a moderate priority. The service level agreement was met, and the issue was resolved on 6th April 2016. The incident is currently in a new state, with no associated knowledge articles."
INC0018432,Awaiting User Info,False,Ruby,Fox,China,"Incident INC0018432, with medium impact and urgency (priority 3 - Moderate), was opened on 13/4/2016 at 07:57 for the Fox product by vendor Ruby in China. The incident met its SLA, was resolved the same day at 14:21, and closed on 18/4/2016 at 15:07. The current state is Awaiting User Info, and there is no knowledge article associated."
INC0010724,Resolved,False,Emerald,Turtle,United States,"Incident INC0010724, related to the Turtle product from vendor Emerald in the United States, was opened on 23 March 2016 and resolved by 1 April 2016, subsequently closed on 6 April 2016. The incident had a medium impact and urgency, with a moderate priority. The service level agreement (SLA) was met, and no knowledge article was created. The incident is now resolved."
INC0027628,New,False,Emerald,Turtle,Brazil,"Incident INC0027628, involving the product Turtle from vendor Emerald in Brazil, was opened on 9/5/2016 and closed on 22/5/2016. It had a medium impact and urgency, resulting in a moderate priority. The incident met the SLA but was marked as new at the time of the report and was not linked to any knowledge articles."
INC0015753,Closed,False,Sapphire,BlueJay,Egypt,"Incident INC0015753, related to the Sapphire BlueJay product in Egypt, was opened on 6/4/2016 at 08:29 with medium impact and urgency, and moderate priority. The incident was resolved within SLA by 08:39 the same day and closed on 11/4/2016. The incident is now closed and no knowledge article was created."
INC0004123,Resolved,True,Emerald,Boa,New Zealand,"Incident INC0004123, involving the Emerald vendor's Boa product in New Zealand, was opened on August 3, 2016, with medium impact and urgency, and a moderate priority level. The incident was resolved on June 28, 2016, meeting the SLA, and subsequently closed on July 3, 2016. Knowledge documentation was created during the resolution process."
INC0018318,Awaiting Vendor,False,Emerald,Frog,Austria,"Incident INC0018318, impacting Austria and involving the Frog product, was opened on 12/4/2016 due to a medium impact and high urgency issue. The incident, assigned high priority, was escalated to the vendor Emerald and remained in the ""Awaiting Vendor"" state. It met its SLA, was resolved on 13/7/2016, and subsequently closed on 18/7/2016."
INC0006592,Active,False,Emerald,Turtle,Sweden,"Incident INC0006592, related to the Turtle product from vendor Emerald in Sweden, was opened on 14/3/2016 at 10:53 with a medium impact and urgency, resulting in a moderate priority. The incident met its SLA, was resolved on 23/3/2016 at 09:07, and closed on 28/3/2016 at 09:59. The incident is currently marked as active, and no knowledge article was created."
INC0029015,New,False,Emerald,Croc,Greece,"Incident INC0029015, related to the Croc product from vendor Emerald in Greece, was opened on 12/5/2016 at 18:44 with medium impact and urgency, and moderate priority. The incident met its SLA, was resolved the same day at 19:16, and closed on 17/5/2016 at 20:07. The incident is currently in a new state and does not have associated knowledge articles."
INC0004654,Closed,True,Ruby,Shrimp,Turkey,"Incident INC0004654, related to the Ruby vendor's Shrimp product in Turkey, was opened on 9/3/2016 at 09:25 with a medium impact and urgency, and moderate priority. The incident was resolved shortly after at 09:53 but officially closed on 24/3/2016 at 18:41. The incident did not meet the SLA but has associated knowledge documentation. The incident state is closed."
INC0021423,New,False,Emerald,Turtle,Portugal,"Incident INC0021423, reported on 20/4/2016 at 14:53 in Portugal, involved the Turtle product from vendor Emerald. The incident had a medium impact and urgency, resulting in a moderate priority. It was resolved the same day at 15:46 and closed on 25/4/2016 at 16:07. The service level agreement was met, and no knowledge article was created. The incident is currently marked as New."
INC0021683,Closed,False,Ruby,Shrimp,Ukraine,"Incident INC0021683, related to the Ruby vendor's Shrimp product in Ukraine, was a medium impact and urgency issue with moderate priority. It was opened on April 20, 2016, and resolved on May 20, 2016, but did not meet the SLA. The incident was closed on May 25, 2016."
INC0019911,Awaiting User Info,False,Sapphire,Glaucus,Chile,"Incident INC0019911, related to the Glaucus product from vendor Sapphire in Chile, was opened on 15/4/2016 at 15:45 with a medium impact and urgency, resulting in a moderate priority. The incident is currently awaiting user information. The service level agreement was met. It was resolved on 18/4/2016 at 11:18 and closed on 23/4/2016 at 12:07. Knowledge documentation was not created for this incident."
INC0025875,Resolved,False,Emerald,Croc,Singapore,"Incident INC0025875, affecting the Croc product from vendor Emerald in Singapore, was opened on 4th May 2016 and resolved on 18th May 2016. It had a medium impact and urgency, with a moderate priority. The incident met the SLA and was closed on 23rd May 2016. The incident is now resolved, and no knowledge article was created."
INC0007005,Active,False,Ruby,Shrimp,France,"Incident INC0007005, related to the Ruby vendor's Shrimp product in France, was opened on 15/03/2016 with a medium impact and urgency, resulting in a moderate priority. The incident was active but met its SLA, resolved by 17/03/2016, and closed on 24/03/2016. No knowledge article was created."
INC0012554,Active,False,Sapphire,Peacock,Nigeria,"Incident INC0012554, related to the Peacock product by vendor Sapphire in Nigeria, had a medium impact and urgency, resulting in a moderate priority. It was opened on 29/3/2016 and resolved on 4/4/2016, then closed on 9/4/2016. The incident met its SLA and is currently active, with no knowledge article created."
INC0010238,Active,False,Emerald,Boa,Canada,"Incident INC0010238, related to the product Boa from vendor Emerald in Canada, was a medium-impact, medium-urgency issue with moderate priority. The incident was opened on 23 March 2016 at 02:06 and resolved the same day at 14:59. It was closed on 28 March 2016 at 15:59. The SLA was met, and no knowledge article was created. The incident is currently marked as active."
INC0006275,Resolved,False,Ruby,LadyBug,Thailand,"Incident INC0006275, involving the Ruby vendor's LadyBug product in Thailand, was opened on 12/3/2016 at 12:48 with a medium impact and urgency, and moderate priority. The incident was resolved on the same day at 13:19, meeting the SLA, and was closed on 24/3/2016. The incident is now resolved, with no knowledge article created."
INC0006896,Active,False,Ruby,Ant,United States,"Incident INC0006896, related to the product Ant from vendor Ruby in the United States, was opened on 14/3/2016 with medium impact and urgency, resulting in a moderate priority. The incident was active and met the SLA, resolved by 23/3/2016, and closed on 28/3/2016. No knowledge article was created."
INC0012326,Closed,False,Ruby,Ant,Finland,"Incident INC0012326, related to the product Ant from vendor Ruby in Finland, was opened on 29/03/2016 at 09:12 with a medium impact and urgency, resulting in a moderate priority. The incident was resolved the same day at 11:05, met the service level agreement (SLA), and was ultimately closed on 03/04/2016. The incident state is closed and no knowledge article was created."
INC0025230,Resolved,False,Emerald,Turtle,Peru,"Incident INC0025230, related to the Turtle product from vendor Emerald in Peru, was opened on March 5, 2016, with a medium impact and urgency, and moderate priority. The incident was resolved on May 31, 2016, meeting the SLA, and subsequently closed on June 5, 2016. The incident is now marked as resolved."
INC0007441,Closed,False,Emerald,Boa,Ukraine,"Incident INC0007441, involving the Boa product from vendor Emerald in Ukraine, was opened on 15/03/2016 and closed on 24/03/2016. It had a medium impact and urgency, resulting in a moderate priority. The incident was resolved on 16/03/2016 but did not meet the SLA. The incident state is closed, and no knowledge article was created."
INC0018739,Active,False,Emerald,Boa,Italy,"Incident INC0018739, related to the Emerald vendor's Boa product in Italy, was opened on 13/04/2016 at 14:54 with medium impact and urgency, resulting in a moderate priority. The incident was active, met the SLA, resolved on 19/04/2016 at 17:11, and closed on 24/04/2016 at 18:07. No knowledge article was created."
INC0014689,Active,False,Emerald,Frog,Thailand,"Incident INC0014689, involving the Emerald vendor's Frog product in Thailand, was opened on April 4, 2016. Classified with medium impact and urgency (priority 3 - moderate), the incident met its SLA. It was resolved on April 19, 2016, and closed on April 24, 2016. The incident is currently active and no knowledge article was created."
INC0016790,Active,False,Emerald,Boa,United States,"Incident INC0016790, related to the Boa product from vendor Emerald in the United States, was opened on April 8, 2016, and had a medium impact and urgency, resulting in a moderate priority. The incident met its SLA, was resolved on April 13, 2016, and closed on April 18, 2016. The incident is currently marked as active, and no knowledge article was created."
INC0000783,New,True,Ruby,Ant,Canada,"Incident INC0000783 was opened on March 1, 2016, and classified with medium impact and urgency, resulting in a moderate priority. The issue involved the Ruby vendor's Ant product in Canada. The incident was resolved on March 23, 2016, and closed on March 28, 2016, successfully meeting the SLA. Knowledge resources were available during the process."
INC0011426,New,False,Emerald,Boa,Chile,"Incident INC0011426, related to the Boa product from vendor Emerald in Chile, was opened on 25/3/2016 and had a medium impact and urgency, resulting in a moderate priority. The incident met the SLA, was resolved on 18/4/2016, and closed on 23/4/2016. The incident state is currently New, and no knowledge article is associated."
INC0001778,New,True,Sapphire,BlueJay,Mexico,"Incident INC0001778 was a high-impact, high-urgency issue classified as critical priority involving the BlueJay product from vendor Sapphire in Mexico. The incident was opened on March 3, 2016, and met the SLA requirements. It was resolved on March 9, 2016, and subsequently closed on March 24, 2016. Knowledge resources were available for this incident."
INC0006959,New,False,Sapphire,Peacock,Finland,"Incident INC0006959, related to the Peacock product from vendor Sapphire in Finland, was opened on 15/03/2016 and had a medium impact and urgency with moderate priority. The incident met its SLA, was resolved on 30/03/2016, and closed on 04/04/2016. It is currently in a new state and has no associated knowledge articles."
INC0001042,Active,True,Ruby,Ant,Canada,"Incident INC0001042, related to the Ruby vendor's Ant product in Canada, was opened on 2/3/2016 with a medium impact and urgency, resulting in a moderate priority level. The incident met the SLA requirements, was resolved on 29/4/2016, and subsequently closed on 4/5/2016. The incident is currently marked as active and has associated knowledge documentation."
INC0017352,New,False,Ruby,Ant,Greece,"Incident INC0017352, related to the Ruby vendor's Ant product in Greece, was opened on 11/4/2016 at 07:44 with medium impact and urgency, and moderate priority. The incident met the SLA, was resolved on the same day at 07:53, and closed on 16/4/2016 at 08:07. The incident is currently in a new state and has no associated knowledge articles."
INC0028642,Active,False,Ruby,Ant,Australia,"Incident INC0028642 is currently active with a medium impact and urgency, assigned a moderate priority. It was opened on 12/5/2016 at 08:41 and resolved shortly after at 08:52 the same day. The incident met the SLA and was ultimately closed on 17/5/2016 at 09:07. The issue involves the product Ant from the vendor Ruby and occurred in Australia. No knowledge article is associated with this incident."
INC0022139,Active,False,Ruby,Ant,Malaysia,"Incident INC0022139, related to the Ant product by vendor Ruby in Malaysia, was opened on 25/4/2016 at 09:36 with medium impact and urgency, and moderate priority. The incident remained active, met the SLA, was resolved on 27/4/2016 at 10:52, and closed on 2/5/2016 at 11:07. No knowledge article was created."
INC0001037,Resolved,True,Ruby,Shrimp,Argentina,"Incident INC0001037, related to the Ruby Shrimp product in Argentina, was opened on 2/3/2016 at 09:10 with a medium impact and urgency, resulting in a moderate priority. The incident was resolved promptly by 09:14 the same day, meeting the SLA, and was later closed on 7/3/2016 at 10:00. Knowledge documentation was created during the process."
INC0008629,Resolved,False,Emerald,Boa,Singapore,"Incident INC0008629, impacting the Emerald Boa product in Singapore, was opened on 18/03/2016 at 09:42 with medium impact and urgency, and moderate priority. The incident was resolved quickly within one minute and met the SLA. It was subsequently closed on 24/03/2016 at 19:02. Knowledge documentation was not created."
INC0022912,New,False,Emerald,Turtle,Hungary,"Incident INC0022912 was opened on 26/4/2016 at 16:45 with medium impact and urgency, assigned a moderate priority. The issue involved the Turtle product from vendor Emerald in Hungary. The incident was resolved on 29/4/2016 at 16:55 and closed on 4/5/2016 at 17:07, meeting the SLA requirements. The incident is currently in a new state and no knowledge article was created."
INC0022088,Closed,False,Emerald,Croc,Indonesia,"Incident INC0022088, related to the Croc product from vendor Emerald in Indonesia, was opened on 25/4/2016 at 08:54 with medium impact and urgency, resulting in a moderate priority. The incident was resolved the same day at 09:00 and closed on 30/4/2016 at 09:07. The service level agreement (SLA) was met, and no knowledge article was created. The incident is now closed."
INC0010789,Active,False,Sapphire,Peacock,Bolivia,"Incident INC0010789, related to the Peacock product from vendor Sapphire in Bolivia, was opened on 23/03/2016 and closed on 09/04/2016. It had a medium impact and urgency, with a moderate priority. The incident was resolved within SLA and remains active in the system."
INC0009948,New,False,Sapphire,Peacock,Poland,"Incident INC0009948 was opened on 22 March 2016 regarding the Peacock product from vendor Sapphire in Poland. It had a medium impact and urgency, resulting in a moderate priority. The incident met its SLA, was resolved on 31 March 2016, and closed on 5 April 2016. The current state is New, and no knowledge article was created."
INC0002282,Resolved,True,Sapphire,Peacock,Portugal,"Incident INC0002282, related to the Peacock product from vendor Sapphire in Portugal, was opened on 4/3/2016 and resolved on 8/3/2016. It had a medium impact and urgency, resulting in a moderate priority. The incident met the SLA, included knowledge documentation, and was closed on 24/3/2016. The incident is now resolved."
INC0022067,Active,False,Sapphire,Peacock,Chile,"Incident INC0022067, related to the Peacock product by vendor Sapphire in Chile, was opened on 25/4/2016 at 08:30 with medium impact and urgency, resulting in a moderate priority. The incident met its SLA, was resolved on the same day at 08:39, and closed on 30/4/2016 at 09:07. The incident is currently marked as active, and no knowledge article was created."
INC0010735,Resolved,False,Emerald,Boa,Australia,"Incident INC0010735, related to the product Boa from vendor Emerald in Australia, was opened on 23 March 2016 at 17:07 with a medium impact and urgency, resulting in a moderate priority. The incident was resolved on the same day at 17:41, meeting the SLA, and was subsequently closed on 23 May 2016. The incident state is marked as resolved, and no knowledge article was created."
INC0022827,Active,False,Sapphire,BlueJay,Belgium,"Incident INC0022827, involving the Sapphire vendor's BlueJay product in Belgium, was opened on 26/4/2016 and resolved by 6/5/2016, then closed on 11/5/2016. It had a medium impact and urgency, with a moderate priority, successfully met its SLA, and remains active without associated knowledge articles."
INC0021716,Active,False,Ruby,Ant,Philippines,"Incident INC0021716, related to the Ruby Ant product in the Philippines, was opened on 21/4/2016 at 08:16 with a medium impact and urgency, assigned a moderate priority. The incident met its SLA, was resolved on the same day at 08:20, and subsequently closed on 26/4/2016 at 09:07. The incident remains active, and no knowledge article was created."
INC0015563,Closed,False,Sapphire,BlueTang,Saudi Arabia,"Incident INC0015563, related to the BlueTang product from vendor Sapphire in Saudi Arabia, was opened on 5/4/2016 at 14:59 with medium impact and urgency, and moderate priority. The incident was resolved and closed on the same day at 21:54, meeting the SLA."
INC0008660,New,False,Ruby,Shrimp,Canada,"Incident INC0008660, related to the Ruby vendor's Shrimp product in Canada, was opened on 18/3/2016 with a medium impact and urgency, resulting in a moderate priority. The incident met its SLA, was resolved on 28/3/2016, and closed on 2/4/2016. The incident state is currently new, and there is no associated knowledge article."
INC0016059,Active,False,Sapphire,BlueJay,Vietnam,"Incident INC0016059, related to the Sapphire BlueJay product in Vietnam, was opened on 6 April 2016 and had medium impact and urgency with a moderate priority. The incident met its SLA, was resolved on 8 April 2016, and closed on 13 April 2016. The incident is currently marked as active."
INC0029077,Resolved,False,Ruby,Fox,Nigeria,"Incident INC0029077, related to the Fox product by vendor Ruby in Nigeria, was opened on 13/05/2016 and closed on 18/05/2016. The incident had a medium impact and urgency, resulting in a moderate priority. It was resolved within the SLA and is now closed."
INC0019590,Awaiting User Info,False,Emerald,Turtle,Israel,"Incident INC0019590, related to the Turtle product by vendor Emerald in Israel, was opened on 15/4/2016 at 10:52 with a medium impact and urgency, resulting in a moderate priority. The incident met its SLA, was resolved the same day at 13:22, and ultimately closed on 20/4/2016 at 14:07. The current state is Awaiting User Info, and no knowledge article was created."
INC0010740,New,False,Sapphire,BlueJay,Israel,"Incident INC0010740, related to the Sapphire BlueJay product in Israel, was opened on 23/3/2016. It had a medium impact and urgency, with a moderate priority. The incident met its SLA, was resolved on 24/3/2016, and closed on 29/3/2016. The current state is New, and no knowledge article was created."
INC0015112,Active,False,Sapphire,Glaucus,Israel,"Incident INC0015112, related to the Glaucus product by vendor Sapphire in Israel, was opened on 4/4/2016 at 20:47 with a medium impact and urgency, assigned a moderate priority. The incident met the SLA, was resolved on 4/4/2016 at 21:13, and closed on 9/4/2016 at 21:59. The incident is currently marked as active, and no knowledge article was created."
INC0007337,Active,False,Ruby,Fox,Greece,"Incident INC0007337, related to the Ruby vendor's Fox product in Greece, was opened on 15/03/2016 at 14:15. It had a medium impact and urgency, resulting in a moderate priority. The incident met the SLA, was resolved on 18/03/2016 at 09:54, and closed on 24/03/2016 at 19:01. It remains active and has no associated knowledge articles."
INC0015014,Closed,False,Emerald,Frog,Pakistan,"Incident INC0015014, related to the Frog product from vendor Emerald in Pakistan, was a medium impact and urgency issue with moderate priority. It was opened on 4/4/2016 at 15:36, resolved quickly by 15:41 the same day, and closed on 9/4/2016. The incident met SLA requirements and is now closed."
INC0000613,New,True,Sapphire,Glaucus,Czech Republic,"Incident INC0000613 was opened on 1/3/2016 at 10:53 with a medium impact and urgency, resulting in a moderate priority. The issue involved the Glaucus product from vendor Sapphire, based in the Czech Republic. The incident met its SLA, was resolved by 2/3/2016 at 11:18, and subsequently closed on 7/3/2016 at 12:00. Knowledge documentation was created for this case."
INC0006876,New,False,Sapphire,BlueTang,Morocco,"Incident INC0006876, related to the Sapphire BlueTang product in Morocco, was opened on 14/3/2016 with medium impact and urgency, resulting in a moderate priority. The incident was resolved on 22/3/2016 and closed on 27/3/2016, meeting the service level agreement. The incident is currently in a new state and has no associated knowledge articles."
INC0017929,Resolved,False,Ruby,Shrimp,Indonesia,"Incident INC0017929, related to the Ruby vendor's Shrimp product in Indonesia, was opened on 12/4/2016 at 08:59 with a medium impact and urgency, resulting in a moderate priority. The incident was resolved on the same day at 11:42, meeting the SLA, and was subsequently closed on 17/4/2016 at 12:07. The incident is currently marked as resolved, and no knowledge article was created."
INC0020754,Active,False,Sapphire,Peacock,Romania,"Incident INC0020754, related to the Peacock product by vendor Sapphire in Romania, was opened on 19/4/2016 at 09:06 with a medium impact and urgency, resulting in a moderate priority. The incident was resolved the same day at 10:43 and closed on 24/4/2016 at 11:07. The SLA was met, and no knowledge article was created. The incident remains active."
INC0018772,Active,False,Sapphire,BlueJay,Singapore,"Incident INC0018772, related to the BlueJay product from vendor Sapphire in Singapore, was opened on 13/4/2016 at 15:23 with a medium impact and urgency, resulting in a moderate priority. The incident met its SLA, was resolved on 14/4/2016 at 12:43, and closed on 19/4/2016 at 13:07. The incident remains active, and no knowledge article was created."
INC0015520,Awaiting User Info,False,Sapphire,Glaucus,Austria,"Incident INC0015520, related to the Sapphire Glaucus product in Austria, was logged on 5/4/2016 with medium impact and urgency, and a moderate priority. The incident met its SLA but is currently awaiting user information. It was resolved on 8/4/2016 and closed on 13/4/2016. No knowledge article was created."
INC0016528,New,False,Sapphire,BlueJay,Israel,"Incident INC0016528, related to the Sapphire BlueJay product in Israel, was opened on 7/4/2016 with medium impact and urgency, resulting in a moderate priority. The incident met its SLA, was resolved on 11/4/2016, and closed on 16/4/2016. The current state is New, and no knowledge article was created."
INC0023356,New,False,Ruby,Ant,Belgium,"Incident INC0023356, classified with medium impact and urgency (priority 3 - moderate), was opened on 27/04/2016 and resolved by 02/05/2016, then closed on 07/05/2016. The incident involved the Ruby vendor's Ant product in Belgium. The service level agreement (SLA) was met, and no knowledge article was created."
INC0003604,Active,True,Sapphire,Peacock,South Africa,"Incident INC0003604, related to the Sapphire vendor's Peacock product in South Africa, was opened on 7/3/2016. It had a medium impact and urgency, resulting in a moderate priority. The incident met its SLA, was resolved on 1/4/2016, and subsequently closed on 6/4/2016. The incident is currently active and has associated knowledge documentation."
INC0006441,Closed,False,Emerald,Boa,South Africa,"Incident INC0006441, related to the Emerald Boa product in South Africa, was opened on 14 March 2016 and closed on 24 March 2016. It had a medium impact and urgency, resulting in a moderate priority. The incident was resolved on 15 March 2016 but did not meet the SLA. The incident is now closed."
INC0023836,Active,False,Emerald,Turtle,Ecuador,"Incident INC0023836, related to the Turtle product from vendor Emerald in Ecuador, was opened on 28/4/2016 with medium impact and urgency, and a moderate priority. The incident met its SLA and was resolved on 12/5/2016, then closed on 17/5/2016. The incident is currently marked as active, and no knowledge article was created."
INC0027749,New,False,Emerald,Turtle,France,"Incident INC0027749 was opened on 10/5/2016 at 08:56 with a medium impact and urgency, resulting in a moderate priority. The incident involved the product Turtle from the vendor Emerald in France. It met the SLA, was resolved on 11/5/2016 at 09:37, and closed on 16/5/2016 at 10:07. The incident remains in a new state and has no associated knowledge record."
INC0013820,Active,False,Sapphire,Peacock,Indonesia,"Incident INC0013820 is currently active with medium impact and urgency, resulting in a moderate priority. It was opened on April 1, 2016, at 08:26 in Indonesia, involving the Sapphire vendor and the Peacock product. The incident met the SLA, was resolved on April 15, 2016, at 16:33, and closed on April 20, 2016, at 17:07. No knowledge article has been created."
INC0027939,Closed,False,Sapphire,BlueTang,Greece,"Incident INC0027939, related to the BlueTang product from vendor Sapphire in Greece, was opened on 10/5/2016 and closed on 13/6/2016. The incident had a medium impact and urgency, resulting in a moderate priority. It did not meet the SLA and was resolved on 8/6/2016. The incident is now closed."
INC0015027,Awaiting User Info,False,Emerald,Frog,Singapore,"Incident INC0015027, related to the Emerald Frog product in Singapore, was opened on 4/4/2016 with a medium impact and urgency, assigned a moderate priority. The incident was resolved on 7/4/2016 and closed on 12/4/2016. It is currently awaiting user information and met the SLA requirements. No knowledge article was created."
INC0006757,Active,False,Emerald,Croc,South Africa,"Incident INC0006757, related to the Croc product from vendor Emerald in South Africa, was opened on 14/03/2016 at 13:53 with medium impact and urgency, resulting in a moderate priority. The incident was resolved quickly by 14/03/2016 14:08 and eventually closed on 24/03/2016 at 18:52. The service level agreement (SLA) was met, and the incident remains active with no associated knowledge base article."
INC0004885,Active,True,Ruby,Ant,Poland,"Incident INC0004885, related to the Ruby vendor's Ant product in Poland, was opened on 9/3/2016 at 13:12 with medium impact and urgency, and a moderate priority. The incident met its SLA, was resolved on 18/3/2016 at 16:31, and closed on 24/3/2016 at 19:00. Knowledge documentation is available. The incident remains active."
INC0022161,Awaiting User Info,False,Sapphire,BlueTang,Croatia,"Incident INC0022161, related to the BlueTang product from vendor Sapphire in Croatia, was opened on 25/4/2016 with a medium impact and urgency, resulting in a moderate priority. The incident was in the ""Awaiting User Info"" state, met its SLA, and was resolved on 27/4/2016 before being closed on 2/5/2016. No knowledge article was created."
INC0008307,Resolved,False,Ruby,Ant,Poland,"Incident INC0008307, related to the Ant product by vendor Ruby in Poland, was opened on 17/03/2016 with a medium impact and urgency, and moderate priority. The incident was resolved within the SLA and closed on 24/03/2016. Knowledge article was not created."
INC0017764,Closed,False,Emerald,Boa,Thailand,"Incident INC0017764, related to the product Boa from vendor Emerald in Thailand, was opened on 11/4/2016 and closed on 19/4/2016. It had a medium impact and urgency, with a moderate priority. The incident was resolved within the SLA but knowledge documentation was not created. The incident state is closed."
INC0011328,Closed,False,Sapphire,BlueTang,United Arab Emirates,"Incident INC0011328, related to the BlueTang product from vendor Sapphire in the United Arab Emirates, was opened on 24/3/2016 and closed on 29/3/2016. It had a medium impact and urgency, resulting in a moderate priority. The incident was resolved within SLA and is now closed. Knowledge article was not created."
INC0021599,New,False,Ruby,Shrimp,Morocco,"Incident INC0021599 was opened on 20/4/2016 at 16:54 with a medium impact and urgency, resulting in a moderate priority. The incident, related to the Shrimp product by vendor Ruby in Morocco, was resolved the same day at 17:11 and subsequently closed on 25/4/2016 at 18:07. The incident met the SLA but does not have associated knowledge documentation."
INC0010421,Active,False,Emerald,Turtle,Greece,"Incident INC0010421, related to the product Turtle from vendor Emerald in Greece, was opened on 23/3/2016 at 10:28 with a medium impact and urgency, resulting in a moderate priority. The incident met its SLA, was resolved on 24/3/2016 at 17:09, and subsequently closed on 29/3/2016 at 17:59. The incident is currently active and has no associated knowledge article."
INC0000625,Awaiting User Info,True,Ruby,Shrimp,Thailand,"Incident INC0000625, related to the Ruby vendor's Shrimp product in Thailand, was opened on 1/3/2016 with high impact and priority and medium urgency. The incident was met with a knowledge base article and met its SLA. It remained in ""Awaiting User Info"" state and was resolved on 18/3/2016 and subsequently closed on 24/3/2016."
INC0022197,New,False,Sapphire,BlueJay,Indonesia,"Incident INC0022197, related to the BlueJay product by vendor Sapphire in Indonesia, was opened on 25/04/2016 with medium impact and urgency, resulting in a moderate priority level. The incident met the SLA and was resolved on 27/04/2016, then closed on 02/05/2016. It is currently in a new state and no knowledge article was created."
INC0022490,New,False,Emerald,Turtle,Chile,"Incident INC0022490, related to the Emerald vendor's Turtle product in Chile, was opened on 25/4/2016 and had a medium impact and urgency, resulting in a moderate priority. The incident met the SLA, was resolved on 27/4/2016, and closed on 2/5/2016. The incident state is new, and no knowledge article is associated."
INC0028878,Closed,False,Sapphire,BlueTang,Denmark,"Incident INC0028878, related to the Sapphire BlueTang product in Denmark, was opened on 12/5/2016 and closed on 28/5/2016. It had a medium impact and urgency, with a moderate priority. The incident did not meet the SLA and was resolved on 23/5/2016. No knowledge article was created."
INC0024975,Active,False,Emerald,Turtle,Nigeria,"Incident INC0024975, related to the product Turtle from vendor Emerald in Nigeria, was opened on 2nd May 2016 at 14:30 with a medium impact and urgency, resulting in a moderate priority. The incident met its SLA, was resolved on 4th May 2016 at 12:01, and closed on 9th May 2016 at 12:07. The incident is currently marked as active and does not involve knowledge documentation."
INC0010949,Closed,False,Sapphire,BlueTang,Germany,"Incident INC0010949, related to the Sapphire BlueTang product in Germany, was a low-impact, low-urgency issue. It was opened on 24/3/2016 at 10:21 and resolved by 25/3/2016 at 03:52, meeting the SLA. The incident was closed on 30/3/2016, with no knowledge article created."
INC0024227,Awaiting User Info,False,Ruby,Shrimp,Ireland,"Incident INC0024227, related to the Ruby vendor's Shrimp product in Ireland, was opened on 29/4/2016 and had a medium impact and urgency, resulting in a moderate priority. The incident met its SLA, was resolved on 3/5/2016, and closed on 8/5/2016. It is currently in the ""Awaiting User Info"" state and does not have an associated knowledge article."
INC0028308,Active,False,Ruby,Fox,Finland,"Incident INC0028308 was a medium-impact, medium-urgency issue related to the Fox product from vendor Ruby in Finland. It was opened on 11/5/2016 at 10:30 and resolved by 20/6/2016 at 10:04, then closed on 25/6/2016 at 10:07. The incident met its SLA and was classified with moderate priority. No knowledge article was created. The current state is active."
INC0006896,Active,False,Sapphire,BlueTang,United States,"Incident INC0006896, related to the Sapphire BlueTang product in the United States, was opened on 14/03/2016 at 16:52 with a medium impact and urgency, resulting in a moderate priority. The incident met its SLA and remained active until it was resolved on 23/03/2016 at 09:20 and closed on 28/03/2016 at 09:59. No knowledge article was created."
INC0022172,Awaiting User Info,False,Emerald,Frog,Egypt,"Incident INC0022172, related to the product Frog by vendor Emerald in Egypt, was opened on 25/4/2016 with medium impact and urgency, resulting in a moderate priority. The incident met the SLA, was marked as awaiting user information, and was resolved on 13/5/2016 before being closed on 18/5/2016. Knowledge documentation was not created."
INC0001093,Awaiting User Info,True,Ruby,Shrimp,Czech Republic,"Incident INC0001093, related to the Ruby vendor's Shrimp product in the Czech Republic, was opened on 2/3/2016 and had a medium impact and urgency, resulting in a moderate priority. The incident met its SLA, was resolved on 3/3/2016, and closed on 8/3/2016. Currently, the incident state is Awaiting User Info."
INC0014704,Closed,False,Ruby,LadyBug,Netherlands,"Incident INC0014704, involving the Ruby vendor's LadyBug product in the Netherlands, was a medium impact and urgency issue with moderate priority. It was opened on April 4, 2016, at 09:38, resolved by April 5, 2016, at 09:35, and closed on April 10, 2016, at 09:59. The incident met the SLA and was ultimately closed without associated knowledge documentation."
INC0024158,Resolved,False,Sapphire,BlueTang,Saudi Arabia,"Incident INC0024158, related to the BlueTang product by vendor Sapphire in Saudi Arabia, was opened on 29/4/2016 at 11:48 with a medium impact and urgency, resulting in a moderate priority. The incident was resolved the same day at 11:56, meeting the SLA, and subsequently closed on 4/5/2016 at 12:07. The incident state is resolved, and no knowledge article was created."
INC0015680,Resolved,False,Ruby,LadyBug,Sweden,"Incident INC0015680, related to the LadyBug product by vendor Ruby in Sweden, was opened on 5/4/2016 and resolved by 6/4/2016. It had medium impact and urgency, with a moderate priority. The incident met the SLA requirements and was closed on 11/4/2016."
INC0007419,New,False,Ruby,Fox,Egypt,"Incident INC0007419, related to the Ruby vendor's Fox product in Egypt, was opened on 15/03/2016 at 16:30 with a medium impact and urgency, and a moderate priority. The incident met the SLA, was resolved on 17/03/2016 at 17:27, and closed on 24/03/2016 at 19:01. The incident state was New, and no knowledge article was created."
INC0020966,Resolved,False,Emerald,Boa,Morocco,"Incident INC0020966, related to the Boa product by vendor Emerald in Morocco, was opened on 19/4/2016 at 14:26 with a medium impact and urgency level, resulting in a moderate priority. The incident was resolved the same day at 15:32, meeting the SLA, and was closed on 24/4/2016 at 16:07. The incident is now resolved, and no knowledge article was created."
INC0003976,Active,True,Ruby,Fox,Norway,"Incident INC0003976, related to the Ruby vendor's Fox product in Norway, was opened on 8 March 2016 with medium impact and urgency, and a moderate priority. The incident met its SLA, was resolved on 21 March 2016, and closed on 26 March 2016. The incident is currently marked as active and has associated knowledge documentation."
INC0000611,New,True,Ruby,Ant,Germany,"Incident INC0000611, related to the Ant product by vendor Ruby in Germany, was opened on January 3, 2016. It had a medium impact and urgency, resulting in a moderate priority. The incident met the SLA, was resolved by February 3, 2016, and closed on March 7, 2016. The ticket is currently in a new state and has associated knowledge documentation."
INC0000598,Awaiting User Info,True,Sapphire,BlueTang,Austria,"Incident INC0000598, related to the BlueTang product by vendor Sapphire in Austria, was opened on 1/3/2016 and had a medium impact and urgency, with moderate priority. The incident met its SLA and involved knowledge base use. It was resolved on 3/3/2016 and closed on 8/3/2016. The current state is Awaiting User Info."
INC0019420,Resolved,False,Emerald,Frog,Pakistan,"Incident INC0019420, related to the Emerald Frog product in Pakistan, was opened on 15/04/2016 with a medium impact and urgency, and moderate priority. The incident was resolved and closed on 20/04/2016, meeting the SLA."
INC0020849,Awaiting User Info,False,Emerald,Turtle,United States,"Incident INC0020849, related to the Turtle product by vendor Emerald in the United States, was opened on April 19, 2016, with a medium impact and urgency, resulting in a moderate priority. The incident met its SLA but is currently awaiting user information. It was resolved on May 11, 2016, and closed on May 16, 2016. No knowledge article was created."
INC0015587,Active,False,Sapphire,BlueTang,Pakistan,"Incident INC0015587, related to the Sapphire BlueTang product in Pakistan, was opened on 5th April 2016 and had a medium impact and urgency, with a moderate priority. The incident was resolved on 15th April 2016 and closed on 20th April 2016. The service level agreement (SLA) was met, and the incident remains active without associated knowledge documentation."
INC0004487,New,True,Ruby,LadyBug,United States,"Incident INC0004487, categorized with medium impact and urgency (priority 3 - Moderate), was opened on 8 March 2016 and resolved by 9 March 2016. The issue involved the LadyBug product from vendor Ruby in the United States. The incident met its SLA requirements and was closed on 24 March 2016. Knowledge articles were associated with this ticket."
INC0008991,Active,False,Emerald,Boa,South Korea,"Incident INC0008991, related to the Boa product from vendor Emerald in South Korea, was opened on 18/3/2016 with medium impact and urgency, resulting in a moderate priority. The incident was resolved by 28/3/2016 and closed on 2/4/2016. It met the SLA requirements and is currently marked as active."
INC0026070,Resolved,False,Emerald,Croc,Vietnam,"Incident INC0026070, related to the Emerald Croc product in Vietnam, was a low impact and low urgency issue. It was opened and resolved on April 5, 2016, with the resolution meeting the SLA. The incident was closed on May 9, 2016."
INC0004789,Active,True,Ruby,Ant,Finland,"Incident INC0004789, related to the Ruby vendor's Ant product in Finland, was opened on 9/3/2016 and had medium impact and urgency with moderate priority. The incident was active but resolved by 31/3/2016 and closed on 1/4/2016. The issue met its SLA and knowledge documentation is available."
INC0017336,New,False,Ruby,LadyBug,Argentina,"Incident INC0017336, related to the Ruby vendor's LadyBug product in Argentina, was opened on 11/4/2016 with medium impact and urgency, assigned a moderate priority. The incident met its SLA, was resolved on 20/4/2016, and closed on 25/4/2016. The incident is currently in a New state and has no associated knowledge articles."
INC0018043,Active,False,Ruby,Fox,Singapore,"Incident INC0018043, with a medium impact and urgency level, was opened on April 12, 2016, regarding the Fox product by vendor Ruby in Singapore. The incident met its SLA, was resolved on April 13, 2016, and closed on April 18, 2016. The priority was moderate, and no knowledge article was created. The incident is currently marked as active."
INC0000814,Awaiting User Info,True,Sapphire,Peacock,Croatia,"Incident INC0000814, related to the Peacock product from vendor Sapphire in Croatia, was logged on 1st March 2016 with medium impact and urgency, and moderate priority. The ticket met its SLA and is currently awaiting user information. It was resolved on 3rd March 2016 and closed on 8th March 2016. Knowledge resources were utilized during this incident."
INC0026924,New,False,Sapphire,BlueTang,Thailand,"Incident INC0026924 was a medium-impact, medium-urgency issue involving the BlueTang product from vendor Sapphire in Thailand. The ticket was opened on June 5, 2016, and resolved by May 13, 2016, meeting the SLA requirements. It was ultimately closed on May 18, 2016, with a moderate priority level."
INC0002481,Active,True,Emerald,Turtle,Morocco,"Incident INC0002481 involving the Emerald vendor's Turtle product in Morocco was opened on April 3, 2016. It was assigned a medium impact and urgency, resulting in a moderate priority. The incident met the SLA, was resolved on March 23, 2016, and closed on March 28, 2016. The incident is currently marked as active and includes associated knowledge documentation."
INC0018244,New,False,Emerald,Frog,Vietnam,"Incident INC0018244, captured on 12/4/2016, involved a medium impact and urgency issue related to the Frog product by vendor Emerald in Vietnam. The incident had a moderate priority, met the SLA requirements, and was resolved on 3/5/2016 before being closed on 8/5/2016. The incident is currently in a new state and has no associated knowledge articles."
INC0008334,Active,False,Emerald,Croc,Vietnam,"Incident INC0008334, related to the Emerald vendor's Croc product in Vietnam, was opened on 17 March 2016 and had a medium impact and urgency, with moderate priority. The incident met its SLA, was resolved on 13 September 2016, and closed on 18 September 2016. The incident is currently active and knowledge articles were not created."
INC0002776,Active,True,Sapphire,BlueTang,Poland,"Incident INC0002776, related to the Sapphire BlueTang product in Poland, was opened on April 3, 2016. It had a medium impact and urgency, with a moderate priority. The incident met the SLA, was resolved on March 21, 2016, and closed on March 26, 2016. The incident is currently active and documented with knowledge articles."
INC0003230,Active,True,Emerald,Boa,Ireland,"Incident INC0003230 involved a medium-impact issue with the Boa product from vendor Emerald in Ireland. It was opened on July 3, 2016, and resolved by October 3, 2016, meeting the SLA requirements. The incident had medium urgency and moderate priority, was properly documented with knowledge articles, and was closed on October 24, 2016."
INC0015258,Active,False,Emerald,Turtle,United States,"Incident INC0015258, related to the product Turtle from vendor Emerald in the United States, was opened on 5/4/2016 at 08:55 with a medium impact and urgency, assigned a moderate priority. The incident met the SLA, was resolved on 6/4/2016 at 15:29, and closed on 11/4/2016 at 15:59. It is currently marked as active, and no knowledge article was created."
INC0011156,Active,False,Sapphire,BlueTang,Italy,"Incident INC0011156, involving the Sapphire BlueTang product in Italy, was opened on 24/3/2016 at 14:58 with a medium impact and urgency, resulting in a moderate priority. The incident met the SLA, was resolved the same day at 16:51, and subsequently closed on 29/3/2016 at 16:59. The incident remains active and no knowledge article was created."
INC0002169,Closed,True,Ruby,Fox,Denmark,"Incident INC0002169, involving the Ruby vendor's Fox product in Denmark, was a medium-impact, medium-urgency issue with moderate priority. It was opened on 3rd March 2016 at 18:38, resolved on 4th March 2016 at 08:13, and closed on 9th March 2016 at 09:00. The incident met the SLA and includes knowledge documentation. The incident state is closed."
INC0010432,Active,False,Emerald,Turtle,Nigeria,"Incident INC0010432, related to the Turtle product by vendor Emerald in Nigeria, was opened on 23/3/2016 with a medium impact and urgency, resulting in a moderate priority. The incident was active, met its SLA, resolved on 29/3/2016, and closed on 3/4/2016. Knowledge documentation was not created."
INC0004938,Closed,True,Ruby,Fox,Saudi Arabia,"Incident INC0004938, related to the Fox product from vendor Ruby in Saudi Arabia, was opened on 9/3/2016 at 14:14 with a medium impact and urgency, and moderate priority. The incident was resolved the same day by 15:37 but was closed later on 24/3/2016 at 18:41. The incident did not meet the SLA but has associated knowledge documentation and is now closed."
INC0029195,Active,False,Sapphire,Peacock,United Arab Emirates,"Incident INC0029195, related to the Peacock product by vendor Sapphire in the United Arab Emirates, was opened on 13/5/2016 at 11:00 with a medium impact and urgency, and moderate priority. The incident met the SLA, was resolved the same day at 15:46, and subsequently closed on 18/5/2016 at 16:07. The incident remains active and does not have an associated knowledge article."
INC0026466,Active,False,Ruby,LadyBug,Kenya,"Incident INC0026466, related to the Ruby vendor's LadyBug product in Kenya, was opened on 5/5/2016 at 14:42 with medium impact and urgency, resulting in a moderate priority. The incident met its SLA, was resolved the same day at 16:56, and closed on 10/5/2016 at 17:07. The incident is currently marked as active and no knowledge article was created."
INC0024084,New,False,Sapphire,BlueTang,Germany,"Incident INC0024084, related to the Sapphire BlueTang product in Germany, was opened on 29/4/2016 at 10:38 with a medium impact and urgency, resulting in a moderate priority. The incident was resolved the same day at 11:02, met the SLA, and was closed on 4/5/2016. The incident is currently in a new state and does not have associated knowledge documentation."
INC0021280,Active,False,Sapphire,BlueTang,France,"Incident INC0021280, related to the Sapphire BlueTang product in France, was opened on 20/4/2016 with medium impact and urgency, resulting in a moderate priority. The incident was active and met its SLA, resolved on 25/4/2016 and closed on 30/4/2016. No knowledge article was created."
INC0005303,Resolved,False,Sapphire,BlueTang,Kenya,"Incident INC0005303, related to the Sapphire BlueTang product in Kenya, was opened on October 3, 2016, and resolved on November 5, 2016. It had a medium impact and urgency, resulting in a moderate priority. The incident met its SLA and was ultimately closed on May 16, 2016."
INC0003284,Active,True,Sapphire,BlueJay,Colombia,"Incident INC0003284, related to the BlueJay product from vendor Sapphire in Colombia, was opened on July 3, 2016, with a medium impact and urgency, resulting in a moderate priority. The incident met its SLA, was resolved on March 18, 2016, and closed on March 24, 2016. The incident is currently marked as active and has associated knowledge documentation."
INC0006543,Resolved,False,Emerald,Frog,Bolivia,"Incident INC0006543, related to the Frog product by vendor Emerald in Bolivia, was opened on 14/03/2016 at 10:18 with a medium impact and urgency, assigned a moderate priority. The incident was resolved promptly by 10:20 the same day, meeting the SLA, and was officially closed on 24/03/2016. The incident is now resolved."
INC0028594,Active,False,Sapphire,BlueJay,Ireland,"Incident INC0028594, related to the Sapphire BlueJay product in Ireland, was opened on 11/5/2016 with a medium impact and urgency, resulting in a moderate priority. The incident met its SLA, was resolved on 12/5/2016, and closed on 17/5/2016. The incident is currently marked as active."
INC0017830,Resolved,False,Emerald,Croc,Switzerland,"Incident INC0017830, categorized with medium impact and urgency and moderate priority, was opened on April 11, 2016, and resolved and closed by April 16, 2016. The issue involved the Croc product from vendor Emerald in Switzerland. The incident was resolved within the SLA timeframe."
INC0014244,Active,False,Emerald,Frog,Thailand,"Incident INC0014244, currently active with a moderate priority, was opened on 1/4/2016 at 16:02 and resolved the same day at 16:15, meeting the SLA requirements. The incident involved the Frog product from vendor Emerald in Thailand, with a medium impact and urgency level. It was closed on 6/4/2016 at 16:59."
INC0020547,Resolved,False,Ruby,Fox,Philippines,"Incident INC0020547, impacting the Ruby Fox product in the Philippines, was opened on 18/4/2016 at 15:48 with medium impact and urgency, resulting in a moderate priority. The issue was resolved promptly by 15:50 the same day, meeting the SLA, and the ticket was officially closed on 23/4/2016. Knowledge base documentation was not created."
INC0015819,Closed,False,Emerald,Turtle,Nigeria,"Incident INC0015819, related to the product Turtle from vendor Emerald in Nigeria, was a medium impact and urgency issue with moderate priority. It was opened on June 4, 2016, at 09:39 and resolved promptly by 09:54 the same day. The incident met the SLA and was officially closed on November 4, 2016. No knowledge article was created."
INC0010760,New,False,Emerald,Frog,Greece,"Incident INC0010760 was opened on 23/3/2016 at 18:07 in Greece, involving the product Frog from vendor Emerald. It had a medium impact and urgency, with a moderate priority. The incident was resolved the same day at 19:16 and closed on 28/3/2016 at 19:59. The service level agreement was met."
INC0028089,New,False,Ruby,Ant,Indonesia,"Incident INC0028089, with medium impact and urgency and moderate priority, was opened on 10/5/2016 in Indonesia involving the Ruby vendor's Ant product. The incident met its SLA, was resolved on 16/6/2016, and closed on 21/6/2016. The current state is New, and no knowledge article is associated."
INC0007198,New,False,Ruby,LadyBug,Bolivia,"Incident INC0007198 was opened on 15/03/2016 at 11:11 in Bolivia, involving the Ruby vendor and LadyBug product. It had low impact, urgency, and priority levels. The incident met its SLA, was resolved on 23/03/2016 at 12:50, and closed on 28/03/2016 at 12:59. The current state is New, and no knowledge article was created."
INC0004935,Active,True,Emerald,Boa,Bolivia,"Incident INC0004935 was opened on 9 March 2016 regarding the Boa product from vendor Emerald in Bolivia. It had a medium impact and urgency, resulting in a moderate priority. The incident met the SLA, was resolved on 28 March 2016, and closed on 2 April 2016. The ticket is currently marked as active and includes knowledge documentation."
INC0025716,Resolved,False,Sapphire,BlueTang,Italy,"Incident INC0025716, related to the BlueTang product by vendor Sapphire in Italy, was opened on 4/5/2016 at 09:24 with a medium impact and urgency, resulting in a moderate priority. The incident was resolved by 11:30 the same day, meeting the SLA, and was subsequently closed on 9/5/2016. The incident state is resolved, and no knowledge article was created."
INC0000395,Active,True,Ruby,Shrimp,Spain,"Incident INC0000395, related to the Ruby vendor's Shrimp product in Spain, was opened on 29/02/2016 and had a medium impact and urgency, resulting in a moderate priority. The incident met the SLA, was resolved on 02/03/2016, and closed on 07/03/2016. The incident is currently marked as active and has associated knowledge documentation."
INC0008544,Active,False,Emerald,Croc,Pakistan,"Incident INC0008544, related to the Croc product from vendor Emerald in Pakistan, was opened on 18/03/2016 with medium impact and urgency, assigned a moderate priority. The incident met its SLA, was resolved on 05/04/2016, and closed on 10/04/2016. The incident is currently marked as active and has no associated knowledge articles."
INC0006473,Awaiting User Info,False,Sapphire,BlueTang,India,"Incident INC0006473, related to the Sapphire BlueTang product in India, was opened on 14/3/2016 with a medium impact and urgency, and moderate priority. The incident met its SLA and was resolved by 15/3/2016, then closed on 24/3/2016. It is currently in the ""Awaiting User Info"" state, and no knowledge article has been created."
INC0025379,Resolved,False,Ruby,Shrimp,United States,"Incident INC0025379, related to the Ruby vendor's Shrimp product in the United States, was opened on 3/5/2016 at 11:42 with medium impact and urgency, and moderate priority. The incident was resolved on the same day at 11:48, meeting the SLA, and was subsequently closed on 8/5/2016. The incident state is resolved, and no knowledge article was created."
INC0009419,Active,False,Emerald,Turtle,Switzerland,"Incident INC0009419, related to the Turtle product from vendor Emerald in Switzerland, was logged on 21/3/2016 with medium impact and urgency, resulting in a moderate priority. The incident remained active and met SLA requirements, was resolved on 30/3/2016, and closed on 4/4/2016. No knowledge article was created."
INC0011938,Active,False,Sapphire,Glaucus,Canada,"Incident INC0011938, related to the Sapphire Glaucus product in Canada, was opened on 28/3/2016 at 12:26 with medium impact and urgency, resulting in a moderate priority. The incident met its SLA, was resolved the same day at 14:20, and subsequently closed on 2/4/2016 at 14:59. The incident is currently marked as active with no associated knowledge article."
INC0000670,New,True,Sapphire,Glaucus,Italy,"Incident INC0000670, related to the Glaucus product from vendor Sapphire in Italy, was opened on January 3, 2016. It had a medium impact and urgency, resulting in a moderate priority. The incident met its SLA, was resolved by February 3, 2016, and subsequently closed on March 7, 2016. Knowledge was documented during the process."
INC0023120,Resolved,False,Emerald,Croc,Ecuador,"Incident INC0023120, related to the Emerald vendor's Croc product in Ecuador, was a medium impact and urgency issue with moderate priority. It was opened on 27/4/2016 at 10:41 and resolved the same day at 10:53, meeting the SLA. The incident was closed on 2/5/2016 at 11:07. Knowledge base documentation was not created."
INC0027648,Awaiting Problem,False,Ruby,Fox,Peru,"Incident INC0027648, related to the product Fox from vendor Ruby in Peru, was opened on 9/5/2016 and resolved by 18/5/2016, then closed on 23/5/2016. The incident had a medium impact and urgency, resulting in a moderate priority. It is currently in the ""Awaiting Problem"" state and met its SLA. No knowledge article was created."
INC0020418,Closed,False,Emerald,Croc,Norway,"Incident INC0020418 was a medium-impact, moderate-priority issue involving the Croc product by vendor Emerald in Norway. It was opened on April 18, 2016, at 13:15, resolved quickly by 13:25 the same day, and closed on April 23, 2016, at 14:07. The incident met the SLA requirements and is now closed."
INC0024290,New,False,Sapphire,Glaucus,Nigeria,"Incident INC0024290 was opened on 29/4/2016 at 15:18 with medium impact and urgency, resulting in a moderate priority. The issue involved the Glaucus product from vendor Sapphire in Nigeria. The incident met the SLA, was resolved on the same day at 15:26, and closed on 4/5/2016 at 16:07. The incident is currently in a new state and no knowledge article was created."
INC0018624,New,False,Sapphire,Peacock,Norway,"Incident INC0018624 was opened on 13/4/2016 at 11:43 with low impact, urgency, and priority levels. The issue involved the Peacock product from vendor Sapphire in Norway. The incident was resolved quickly by 11:48 the same day and subsequently closed on 18/4/2016 at 12:07. The service level agreement was met."
INC0026693,New,False,Emerald,Boa,Israel,"Incident INC0026693, classified with medium impact and urgency resulting in moderate priority, was opened on June 5, 2016, at 08:57 and resolved the same day at 16:29. The incident involved the Boa product from vendor Emerald in Israel. It met the SLA but was closed later on November 5, 2016. The incident is currently in a new state and has no associated knowledge articles."
INC0012313,Closed,False,Emerald,Boa,Australia,"Incident INC0012313, related to the Emerald Boa product in Australia, was opened on 29/03/2016 at 08:54 with a medium impact and urgency, assigned a moderate priority. The incident was resolved quickly by 09:02 the same day, met the SLA, and was officially closed on 03/04/2016."
INC0012879,Active,False,Emerald,Boa,Morocco,"Incident INC0012879 is currently active with a medium impact and urgency, resulting in a moderate priority. It was opened on 30/03/2016 at 09:20 and resolved on 02/05/2016 at 10:14, then closed on 07/05/2016 at 11:07. The incident met its SLA and involves the Emerald vendor’s Boa product in Morocco. Knowledge base documentation is not available for this incident."
INC0021565,Active,False,Emerald,Turtle,Germany,"Incident INC0021565, currently active, was opened on 20/04/2016 and involves the Turtle product from vendor Emerald in Germany. It has a medium impact and urgency, resulting in a moderate priority. The incident met its SLA, was resolved on 29/04/2016, and closed on 04/05/2016. No knowledge base article is linked to this incident."
INC0022619,New,False,Emerald,Frog,Japan,"Incident INC0022619, related to the Frog product from vendor Emerald in Japan, was opened on April 26, 2016, with a medium impact and urgency, resulting in a moderate priority. The incident met the SLA and was resolved on May 3, 2016, and subsequently closed on May 8, 2016. The incident is currently in a new state and does not have an associated knowledge article."
INC0009484,New,False,Emerald,Frog,New Zealand,"Incident INC0009484, related to the Emerald vendor's Frog product in New Zealand, was opened on 21/3/2016 with a medium impact and urgency, resulting in a moderate priority. The incident was resolved by 22/3/2016 and closed on 27/3/2016. The service level agreement (SLA) was met, and no knowledge article was created. The current state of the incident is New."
INC0005480,New,True,Ruby,Ant,Croatia,"Incident INC0005480, related to the Ruby vendor's Ant product in Croatia, was opened on 10/3/2016 with medium impact and urgency, and moderate priority. The incident met its SLA, was resolved on 30/3/2016, and closed on 4/4/2016. Knowledge resources were utilized during the process."
INC0011755,New,False,Ruby,LadyBug,Ukraine,"Incident INC0011755, related to the LadyBug product by vendor Ruby in Ukraine, was opened on 28/03/2016 with medium impact and urgency, and moderate priority. The incident met the SLA, was resolved on 19/04/2016, and closed on 24/04/2016. The current state is New, and no knowledge article is associated."
INC0024458,New,False,Sapphire,BlueJay,Ecuador,"Incident INC0024458 was opened on April 30, 2016, concerning the Sapphire BlueJay product in Ecuador. It had a medium impact and urgency, resulting in a moderate priority. The incident was resolved by May 3, 2016, and closed on May 8, 2016, meeting the SLA requirements."
INC0016420,Active,False,Emerald,Croc,Belgium,"Incident INC0016420, related to the Emerald Croc product in Belgium, was opened on 7/4/2016 with a medium impact and urgency, resulting in a moderate priority. The incident met its SLA, was resolved on 25/4/2016, and closed on 30/4/2016. The incident is currently marked as active and no knowledge article was created."
INC0026000,New,False,Sapphire,Peacock,South Africa,"Incident INC0026000, classified with medium impact and urgency (priority 3 - Moderate), was opened on April 5, 2016, at 16:22 and resolved shortly after at 16:24 the same day. The incident involved the Peacock product from vendor Sapphire in South Africa. It met the SLA requirements and was eventually closed on May 9, 2016. No knowledge article was created for this incident."
INC0018255,Awaiting User Info,False,Emerald,Turtle,Finland,"Incident INC0018255, related to the Turtle product by vendor Emerald in Finland, was opened on 12/4/2016 and had a medium impact and urgency, resulting in a moderate priority. The incident met SLA requirements and is currently awaiting user information. It was resolved on 19/4/2016 and closed on 24/4/2016."
INC0022564,Resolved,False,Emerald,Turtle,Austria,"Incident INC0022564, related to the Turtle product by vendor Emerald in Austria, was a medium impact and urgency issue with moderate priority. It was opened on 26/4/2016 at 06:20, resolved promptly by 06:24 the same day, meeting the SLA, and eventually closed on 1/5/2016 at 07:07. The incident is now resolved, and no knowledge article was created."
INC0014045,New,False,Emerald,Turtle,China,"Incident INC0014045, involving the Turtle product from vendor Emerald in China, was opened on 1st April 2016 with medium impact and urgency, classified as moderate priority. The incident was resolved by 5th April and closed on 10th April 2016, meeting the SLA requirements."
INC0007830,Closed,False,Emerald,Boa,Argentina,"Incident INC0007830, related to the Boa product from vendor Emerald in Argentina, was opened on 16/3/2016 at 14:15 with a medium impact and urgency, resulting in a moderate priority. The incident was resolved by 15:10 the same day, met the SLA, and was ultimately closed on 24/3/2016. No knowledge article was created."
INC0025638,Active,False,Emerald,Turtle,United Kingdom,"Incident INC0025638 is currently active with a medium impact and urgency, classified as moderate priority. It was opened on April 5, 2016, at 07:33 and resolved the same day at 11:25, then closed on May 9, 2016, at 12:07. The incident involves the Turtle product from the vendor Emerald, located in the United Kingdom. The incident met its SLA but does not have associated knowledge articles."
INC0003516,Closed,True,Ruby,Shrimp,Israel,"Incident INC0003516, related to the Ruby vendor's Shrimp product in Israel, was opened on 7/3/2016 with medium impact and urgency, and moderate priority. The incident was resolved on 9/3/2016 and closed on 24/3/2016. It did not meet the SLA but has associated knowledge documentation. The incident state is closed."
INC0026234,New,False,Emerald,Croc,Japan,"Incident INC0026234, opened on May 5, 2016, with medium impact and urgency, and moderate priority, involved the Emerald vendor's Croc product in Japan. The incident was resolved on June 3, 2016, and closed on June 8, 2016, meeting the SLA requirements."
INC0000734,New,True,Sapphire,BlueTang,Colombia,"Incident INC0000734, related to the BlueTang product by vendor Sapphire in Colombia, was opened on 1st March 2016 at 13:33 with a medium impact and urgency, resulting in a moderate priority. The incident met its SLA, was resolved by 3rd March 2016 at 16:03, and closed on 8th March 2016 at 17:00. The incident is currently in a new state and has associated knowledge resources."
INC0029023,Resolved,False,Ruby,Fox,Colombia,"Incident INC0029023, related to the Ruby vendor's Fox product in Colombia, was opened on 12/5/2016 at 21:12 with a medium impact and urgency, assigned a moderate priority. The incident was resolved promptly by 21:13 the same day, meeting the SLA, and was closed on 17/5/2016 at 22:07. No knowledge article was created."
INC0020424,Closed,False,Sapphire,BlueTang,Ecuador,"Incident INC0020424, categorized with medium impact and urgency (priority 3 - Moderate), was opened on 18/4/2016 at 13:23 and closed on 23/4/2016 at 14:07. The incident involved the BlueTang product from vendor Sapphire in Ecuador. It met the service level agreement (SLA) and is now closed, with no knowledge article created."
INC0003365,Closed,True,Ruby,LadyBug,Mexico,"Incident INC0003365 concerned the LadyBug product by vendor Ruby in Mexico. It was opened on July 3, 2016, at 11:35 with a medium impact and urgency, and a moderate priority. Although knowledge was documented, the incident did not meet the SLA. It was resolved on July 17, 2016, at 16:34 and subsequently closed on July 24, 2016, at 18:59. The incident state is marked as closed."
INC0010073,Awaiting User Info,False,Ruby,Fox,Norway,"Incident INC0010073, related to the Ruby vendor's Fox product in Norway, was logged on 22 March 2016 with medium impact and urgency, resulting in a moderate priority. The incident met the SLA but is currently awaiting user information. It was resolved on 29 April 2016 and closed on 4 May 2016. No knowledge article was created."
INC0006552,Closed,False,Ruby,LadyBug,Mexico,"Incident INC0006552 was opened on 14/03/2016 at 10:25 and closed on 24/03/2016 at 18:52. It had a low impact, urgency, and priority. The issue involved the LadyBug product from vendor Ruby in Mexico. The incident was resolved promptly within the SLA by 14/03/2016 at 11:13, and the ticket is now closed. Knowledge documentation was not created."
INC0011861,Active,False,Emerald,Turtle,Morocco,"Incident INC0011861, related to the product Turtle by vendor Emerald in Morocco, was opened on 28/3/2016 and remained active with a medium impact and urgency, leading to a moderate priority level. The incident met its SLA and was resolved on 3/5/2016 before being closed on 8/5/2016."
INC0028657,New,False,Sapphire,Peacock,United Arab Emirates,"Incident INC0028657, related to the Peacock product from vendor Sapphire in the United Arab Emirates, was opened on 12/5/2016 with a medium impact and urgency, resulting in a moderate priority. The incident met SLA requirements, was resolved on 10/6/2016, and closed on 15/6/2016. The incident is currently in a new state and no knowledge article has been created."
INC0016070,New,False,Ruby,LadyBug,Vietnam,"Incident INC0016070, classified with medium impact and urgency (priority 3 - Moderate), was opened on April 6, 2016, and resolved by April 11, 2016, before being closed on April 16, 2016. The incident involved the LadyBug product from vendor Ruby and originated in Vietnam. The issue met its SLA requirements and is currently in a new state with no associated knowledge article."
INC0011381,Awaiting User Info,False,Ruby,LadyBug,Czech Republic,"Incident INC0011381, related to the Ruby vendor's LadyBug product in the Czech Republic, was opened on 25/3/2016 due to a medium impact and urgency issue, assigned a moderate priority. The incident met its SLA and was resolved on 4/4/2016 but remains in the ""Awaiting User Info"" state as of its last update. It was ultimately closed on 9/4/2016 without knowledge article creation."
INC0004729,Active,True,Emerald,Boa,Vietnam,"Incident INC0004729, related to the Boa product from vendor Emerald in Vietnam, was opened on 9th March 2016 and had a medium impact and urgency, resulting in a moderate priority. The incident met its SLA, was resolved by 14th March 2016, and closed on 24th March 2016. The incident is currently active and has associated knowledge documentation."
INC0010795,Awaiting User Info,False,Ruby,Fox,Italy,"Incident INC0010795, related to the Ruby vendor's Fox product in Italy, was opened on 24/3/2016 and initially assigned a medium impact and urgency, resulting in a moderate priority. The ticket was marked as ""Awaiting User Info"" and met the SLA requirements. It was resolved on 31/3/2016 and subsequently closed on 5/4/2016. No knowledge article was created for this incident."
INC0000125,Active,True,Ruby,LadyBug,Ireland,"Incident INC0000125, related to the Ruby vendor's LadyBug product in Ireland, was opened on 29/02/2016 at 09:31 with a medium impact and urgency, resulting in a moderate priority. The incident met its SLA, was resolved on 01/03/2016 at 08:32, and closed on 06/03/2016 at 09:00. The ticket remains active and knowledge documentation is available."
INC0010786,Active,False,Emerald,Turtle,Spain,"Incident INC0010786, related to the Turtle product by vendor Emerald in Spain, was opened on 23/3/2016 with medium impact and urgency, resulting in a moderate priority. The incident was active and met its SLA, being resolved on 7/4/2016 and closed on 12/4/2016."
INC0025798,Closed,False,Emerald,Croc,South Africa,"Incident INC0025798 was a medium impact and urgency issue (priority moderate) involving the Croc product from vendor Emerald in South Africa. The incident was opened on April 5, 2016, at 11:11, resolved the same day by 16:00, and closed on April 9, 2016, at 16:07. The incident met the SLA and is now closed. No knowledge article was created."
INC0017141,Resolved,False,Emerald,Croc,Denmark,"Incident INC0017141, related to the Emerald Croc product in Denmark, was opened on April 8, 2016, and resolved by April 18, 2016. The incident had medium impact and urgency, resulting in a moderate priority. The service level agreement (SLA) was met, and the incident was closed on April 23, 2016."
INC0013551,Active,False,Emerald,Croc,Chile,"Incident INC0013551, related to the product Croc from vendor Emerald in Chile, was opened on 31/3/2016 at 13:46 with medium impact and urgency, resulting in a moderate priority. The incident met its SLA, was resolved the same day at 14:42, and closed on 5/4/2016 at 14:59. The incident is currently active, and no knowledge base article was created."
INC0009109,Resolved,False,Emerald,Turtle,Poland,"Incident INC0009109, classified as high impact, high urgency, and critical priority, was opened on 20/03/2016 and resolved by 22/03/2016, meeting the SLA. The incident involved the Turtle product from vendor Emerald in Poland and was closed on 27/03/2016."
INC0002255,New,True,Sapphire,Peacock,Bolivia,"Incident INC0002255, related to the Peacock product from vendor Sapphire in Bolivia, was opened on April 3, 2016, with a medium impact and urgency, and a moderate priority. The incident met its SLA, was resolved on March 18, 2016, and closed on March 24, 2016. The incident is currently in a new state and has associated knowledge documentation."
INC0005162,Active,True,Emerald,Frog,China,"Incident INC0005162, related to the Frog product from vendor Emerald in China, was opened on 10/3/2016 with low impact, urgency, and priority levels. The incident was active and met the SLA requirements. It was resolved on 17/3/2016 and subsequently closed on 24/3/2016. Knowledge documentation is available for this incident."
INC0026117,New,False,Ruby,Shrimp,Indonesia,"Incident INC0026117, related to the Ruby vendor's Shrimp product in Indonesia, was opened on 5 May 2016 and closed on 11 May 2016. It was classified with medium impact and urgency, resulting in a moderate priority. The incident was resolved within the SLA."
INC0015923,Closed,False,Emerald,Boa,Poland,"Incident INC0015923, related to the Emerald vendor's Boa product in Poland, was a medium impact and urgency issue with moderate priority. It was opened on April 6, 2016, and despite not meeting the SLA, it was resolved by July 13, 2016, and closed on July 18, 2016. The incident is now closed, and no knowledge article was created."
INC0000679,Closed,True,Emerald,Croc,Spain,"Incident INC0000679, related to the Emerald Croc product in Spain, was opened on 1/3/2016 and closed on 9/3/2016. It had low impact, urgency, and priority levels. The incident met the SLA, was resolved on 4/3/2016, and was documented with knowledge information. The incident is now closed."
INC0011688,Awaiting User Info,False,Emerald,Boa,Japan,"Incident INC0011688, related to the Emerald vendor's Boa product in Japan, was opened on 28/03/2016 with medium impact and urgency, and moderate priority. The incident met SLA requirements and is currently awaiting user information. It was resolved on 05/04/2016 and closed on 10/04/2016."
INC0007185,Resolved,False,Emerald,Frog,Romania,"Incident INC0007185, related to the Frog product by vendor Emerald in Romania, was opened on 15/3/2016 and resolved on 16/3/2016, meeting the SLA requirements. The incident had a medium impact and urgency, with a moderate priority. It was ultimately closed on 24/3/2016."
INC0025697,New,False,Sapphire,BlueJay,Portugal,"Incident INC0025697, related to the BlueJay product from vendor Sapphire in Portugal, was opened on April 5, 2016, with medium impact and urgency, resulting in a moderate priority. The incident met the SLA, was resolved on May 5, 2016, and closed on May 10, 2016. Its current state is New, and no knowledge articles are associated."
INC0022938,Resolved,False,Sapphire,BlueTang,Israel,"Incident INC0022938, related to Sapphire's BlueTang product in Israel, was opened on 26/4/2016 at 17:45 with a medium impact and urgency, resulting in a moderate priority. The incident was resolved within the SLA by 18:00 the same day and subsequently closed on 1/5/2016 at 18:07. The incident is now resolved, and no knowledge article was created."
INC0014098,Active,False,Ruby,Ant,Egypt,"Incident INC0014098, related to the Ruby Ant product in Egypt, was opened on 1/4/2016 at 13:26 with a medium impact and urgency level, resulting in a moderate priority. The incident met its SLA and was resolved the same day at 14:08, and subsequently closed on 6/4/2016. The incident remains active and does not have associated knowledge documentation."
INC0016410,New,False,Emerald,Croc,United Arab Emirates,"Incident INC0016410, related to the Emerald Croc product in the United Arab Emirates, was opened on 7th April 2016 with medium impact and urgency, resulting in a moderate priority. The incident met the SLA, was resolved on 18th April, and closed on 23rd April 2016. Currently, the incident state is New, and no knowledge article is associated."
INC0004463,Awaiting User Info,True,Ruby,LadyBug,Indonesia,"Incident INC0004463, involving the Ruby vendor's LadyBug product in Indonesia, was opened on 8/3/2016 with medium impact and urgency, and moderate priority. The incident met its SLA, was resolved by 10/3/2016, and closed on 24/3/2016. Currently, it is awaiting user information. Knowledge articles are associated with this case."
INC0007080,Awaiting User Info,False,Ruby,Fox,Switzerland,"Incident INC0007080, with high impact and urgency (priority 1 - Critical), was opened on 15/03/2016 and involved the Ruby vendor’s Fox product in Switzerland. The incident met the SLA, was marked as awaiting user information, resolved on 22/03/2016, and closed on 27/03/2016. No knowledge article was created."
INC0021462,Resolved,False,Sapphire,BlueJay,Canada,"Incident INC0021462, related to the Sapphire BlueJay product in Canada, was opened on April 20, 2016, with medium impact and urgency, resulting in a moderate priority. The incident met the SLA, was resolved on April 26, 2016, and closed on May 1, 2016. The incident state is resolved, and no knowledge article was created."
INC0005915,New,False,Sapphire,Glaucus,Ukraine,"Incident INC0005915 was opened on 11th March 2016 with medium impact and urgency, and a moderate priority. It involved the Sapphire vendor's Glaucus product in Ukraine. The incident met its SLA, was resolved by 17th March 2016, and closed on 24th March 2016. The incident state is currently New, and no knowledge base article was created."
INC0000100,Active,True,Emerald,Croc,Canada,"Incident INC0000100, related to the product Croc from vendor Emerald in Canada, was opened on 29/02/2016 at 09:05 with medium impact and urgency, resulting in a moderate priority. The incident met the SLA, was resolved on 02/03/2016 at 14:53, and closed on 07/03/2016 at 15:00. The incident is currently marked as active and has associated knowledge documentation."
INC0013742,Resolved,False,Ruby,Fox,Spain,"Incident INC0013742, related to the Ruby vendor's Fox product in Spain, was classified with medium impact and urgency, and moderate priority. The incident was opened on 31/3/2016 at 21:33, resolved by 1/4/2016 at 11:59, and closed on 6/4/2016 at 12:59. The resolution met the SLA, and the incident is now resolved. No knowledge article was created."
INC0012602,New,False,Sapphire,BlueJay,Poland,"Incident INC0012602 was opened on 29/03/2016 at 14:26 with medium impact and urgency, resulting in a moderate priority. The issue involved the BlueJay product from vendor Sapphire in Poland. The incident met the SLA, was resolved on 04/04/2016 at 08:22, and closed on 09/04/2016 at 08:59. The incident state is currently New, and no knowledge article was created."
INC0008312,Active,False,Sapphire,BlueTang,Chile,"Incident INC0008312, related to the BlueTang product from vendor Sapphire in Chile, was opened on 17/3/2016 at 12:51 with a medium impact and urgency, resulting in a moderate priority. The incident was resolved the same day by 13:43 and closed on 24/3/2016 at 19:02. The service level agreement was met, and no knowledge article was created. The incident remains active."
INC0006126,New,False,Ruby,Fox,United Kingdom,"Incident INC0006126 was opened on 11/3/2016 with a medium impact and urgency, resulting in a moderate priority. The incident involved the Ruby vendor and the Fox product in the United Kingdom. It met the SLA, was resolved on 14/3/2016, and closed on 24/3/2016. The incident is currently marked as New and not linked to any knowledge articles."
INC0008642,New,False,Ruby,Ant,United Arab Emirates,"Incident INC0008642, related to the Ruby product Ant, was opened on 18/3/2016 with medium impact and urgency, resulting in a moderate priority. The incident, originating in the United Arab Emirates, met its SLA and was resolved on 29/3/2016 and closed on 3/4/2016. The current state is New, and no knowledge articles were created."
INC0006658,Awaiting User Info,False,Emerald,Boa,Ecuador,"Incident INC0006658, related to the Boa product from vendor Emerald in Ecuador, was opened on 14/03/2016 with medium impact and urgency, assigned a moderate priority. The ticket met its SLA, was resolved on 15/03/2016, and closed on 24/03/2016. Its current state is ""Awaiting User Info,"" and no knowledge article was created."
INC0016855,Awaiting User Info,False,Sapphire,BlueJay,Switzerland,"Incident INC0016855, related to the BlueJay product by vendor Sapphire in Switzerland, was opened on 8/4/2016 with a medium impact and urgency, assigned a moderate priority. The incident is currently awaiting user information. It met the SLA, was resolved on 3/5/2016, and closed on 8/5/2016. No knowledge article was created."
INC0011414,New,False,Emerald,Croc,Bolivia,"Incident INC0011414, related to the product Croc by vendor Emerald in Bolivia, was opened on 25/03/2016 and closed on 06/04/2016. It had a medium impact and urgency, resulting in a moderate priority. The incident met the SLA and was resolved on 01/04/2016. The current state is New, and no knowledge article was created."
INC0022097,Active,False,Sapphire,BlueJay,Morocco,"Incident INC0022097, related to the BlueJay product from vendor Sapphire in Morocco, was opened on 25/4/2016 and had a low impact, urgency, and priority. The incident met its SLA, was resolved on 2/5/2016, and closed on 7/5/2016. The incident is currently marked as Active and does not have associated knowledge documentation."
INC0023649,Closed,False,Emerald,Frog,Peru,"Incident INC0023649, related to the Frog product by vendor Emerald in Peru, was opened on 28/4/2016 at 11:09 with low impact, urgency, and priority levels. It met SLA requirements and was resolved the same day at 13:56. The incident was officially closed on 3/5/2016. No knowledge article was created."
INC0011218,Awaiting User Info,False,Sapphire,Peacock,United Kingdom,"Incident INC0011218, related to the Peacock product from vendor Sapphire in the United Kingdom, was opened on 24/03/2016 with a medium impact and urgency, classified as moderate priority. The incident was resolved on 04/04/2016 and closed on 09/04/2016. It is currently awaiting user information and met the SLA requirements. No knowledge article was created."
INC0009473,Active,False,Ruby,Ant,South Korea,"Incident INC0009473, related to the Ruby vendor's Ant product in South Korea, was opened on 21/03/2016 at 13:06 with a medium impact and urgency, resulting in a moderate priority. The incident met its SLA and was resolved on 31/03/2016 at 14:11, then closed on 05/04/2016 at 14:59. The incident is currently marked as active."
INC0000223,New,True,Emerald,Turtle,Egypt,"Incident INC0000223, related to the product Turtle from vendor Emerald in Egypt, was opened on 29/02/2016 and closed on 08/03/2016. The incident had a medium impact and urgency, resulting in a moderate priority. It met the SLA, and knowledge documentation was created. The incident was resolved on 03/03/2016."
INC0005873,New,False,Emerald,Boa,United Kingdom,"Incident INC0005873 was opened on 11/3/2016 regarding the Boa product from vendor Emerald in the United Kingdom. It had a medium impact and urgency, resulting in a moderate priority. The incident met the SLA, was resolved on 6/4/2016, and closed on 11/4/2016. The current state is New, and no knowledge article was created."
INC0015471,Closed,False,Ruby,Ant,Czech Republic,"Incident INC0015471, related to the product Ant by vendor Ruby and originating in the Czech Republic, was opened on 5/4/2016 at 12:11 with a medium impact and urgency, resulting in a moderate priority. The incident was resolved quickly by 12:23 the same day, met its SLA, and was closed on 10/4/2016."
INC0005480,Active,True,Sapphire,Glaucus,Belgium,"Incident INC0005480, related to the Sapphire Glaucus product in Belgium, was opened on 10/3/2016 and resolved by 30/3/2016, later closed on 4/4/2016. The incident had a medium impact and urgency, with moderate priority, met the SLA, and included knowledge documentation. The incident state is currently active."
INC0009629,New,False,Sapphire,BlueJay,United States,"Incident INC0009629 was opened on 21/3/2016 at 16:08 with a medium impact and urgency, resulting in a moderate priority. It involved the Sapphire vendor and the BlueJay product in the United States. The incident met its SLA, was resolved the same day at 16:30, and closed on 26/3/2016 at 16:59. The incident is currently in a new state and has no associated knowledge articles."
INC0024412,Closed,False,Emerald,Croc,Japan,"Incident INC0024412, related to the product Croc by vendor Emerald in Japan, was opened on 30/4/2016 at 01:34 with a medium impact and urgency, resulting in a moderate priority. The incident was resolved quickly by 01:39 the same day, met the SLA, and was ultimately closed on 5/5/2016. The incident is now closed and no knowledge article was created."
INC0024335,Resolved,False,Sapphire,BlueJay,Germany,"Incident INC0024335, related to the BlueJay product by vendor Sapphire in Germany, was a medium-impact, medium-urgency issue with moderate priority. It was opened on April 29, 2016, and resolved by May 9, 2016, meeting the SLA. The incident was subsequently closed on May 14, 2016. No knowledge article was created."
INC0011758,Closed,False,Ruby,Fox,United Arab Emirates,"Incident INC0011758, related to the Fox product by vendor Ruby in the United Arab Emirates, was opened on 28 March 2016 at 09:45 with a medium impact and urgency, and moderate priority. The incident met the SLA requirements and was closed on 2 April 2016 at 09:59. The incident state is closed, and no knowledge article was created."
INC0016416,Active,False,Ruby,Shrimp,Norway,"Incident INC0016416, related to the Ruby vendor's Shrimp product in Norway, was opened on 7/4/2016 at 10:05 with a medium impact and urgency, resulting in a moderate priority. The incident was resolved quickly by 10:12 the same day and subsequently closed on 12/4/2016 at 10:59. The service level agreement (SLA) was met, and no knowledge article was created. The incident remains active."
INC0003331,Closed,False,Emerald,Frog,Egypt,"Incident INC0003331, related to the Frog product by vendor Emerald in Egypt, was opened on July 3, 2016, and closed on March 24, 2016. It had a medium impact and urgency, with a moderate priority. The incident was resolved on March 15, 2016, but did not meet the SLA. The incident is now closed."
INC0028706,New,False,Emerald,Croc,Singapore,"Incident INC0028706 was opened on 12/5/2016 at 09:47 with a medium impact and urgency, resulting in a moderate priority. The issue involved the Croc product from vendor Emerald in Singapore. The incident met its SLA, was resolved on 13/5/2016 at 10:24, and closed on 18/5/2016 at 11:07. The incident is currently in a new state and has no associated knowledge article."
INC0024055,Closed,False,Sapphire,BlueTang,Bolivia,"Incident INC0024055, related to the Sapphire BlueTang product in Bolivia, was opened on April 29, 2016, with a medium impact and urgency, resulting in a moderate priority. The incident was resolved on June 3, 2016, and closed on June 8, 2016. The service level agreement (SLA) was not met. The incident is now closed and no knowledge article was created."
INC0020444,Active,False,Sapphire,Peacock,Brazil,"Incident INC0020444 is currently active with a medium impact and urgency, resulting in a moderate priority level. The incident, involving the Sapphire vendor's Peacock product in Brazil, was opened on April 18, 2016, and resolved on July 22, 2016, with closure on July 27, 2016. The service level agreement was met, but no knowledge base article was created."
INC0012394,Resolved,False,Ruby,Ant,United Arab Emirates,"Incident INC0012394 related to the Ant product by vendor Ruby in the United Arab Emirates was resolved promptly on 29/3/2016. It was a low impact, low urgency, and low priority issue. The incident was opened at 10:03, resolved within 21 minutes, and closed on 3/4/2016. The service level agreement was met."
INC0012145,Active,False,Ruby,LadyBug,Switzerland,"Incident INC0012145, related to the Ruby vendor's LadyBug product in Switzerland, was opened on 28/03/2016 at 16:11. It had a medium impact and urgency, resulting in a moderate priority. The incident met its SLA, was resolved on 30/03/2016 at 10:10, and closed on 04/04/2016 at 10:59. The incident is currently marked as active, and no knowledge article was created."
INC0000152,Awaiting User Info,True,Emerald,Turtle,Denmark,"Incident INC0000152, related to the product Turtle from vendor Emerald in Denmark, was opened on 29/2/2016 and had a medium impact and urgency, resulting in a moderate priority. The ticket met its SLA and was awaiting user information. It was resolved on 3/3/2016 and closed on 8/3/2016. Knowledge resources were utilized during the incident management."
INC0018052,Resolved,False,Emerald,Croc,Belgium,"Incident INC0018052, related to the Emerald Croc product in Belgium, was a medium-impact and medium-urgency issue with moderate priority. It was opened on 12/4/2016 and resolved by 27/4/2016, meeting the SLA. The incident was ultimately closed on 2/5/2016. No knowledge article was created."
INC0020478,Active,False,Emerald,Turtle,Argentina,"Incident INC0020478, related to the product Turtle from vendor Emerald in Argentina, was opened on 18/4/2016 at 14:37 with a medium impact and urgency, resulting in a moderate priority. The incident met the SLA, was resolved the same day at 14:54, and finally closed on 23/4/2016 at 15:07. The incident is currently marked as active, and no knowledge article was created."
INC0005489,Active,True,Emerald,Frog,Thailand,"Incident INC0005489, related to the Emerald Frog product in Thailand, was opened on 10/3/2016 with medium impact and urgency, resulting in a moderate priority level. The incident met its SLA, was resolved on 15/3/2016, and closed on 24/3/2016. The incident is currently marked as active and includes documented knowledge."
INC0016375,New,False,Emerald,Frog,Australia,"Incident INC0016375, related to the Emerald vendor's Frog product in Australia, was opened on 7/4/2016 at 09:25 with medium impact and urgency, assigned a moderate priority. The incident met the SLA, was resolved on 12/5/2016 at 14:37, and closed on 17/5/2016 at 15:07. The incident is currently in a New state and has no associated knowledge base article."
INC0005627,Resolved,True,Emerald,Frog,Nigeria,"Incident INC0005627, related to the Emerald Frog product in Nigeria, was a medium-impact, medium-urgency issue with moderate priority. It was opened on October 3, 2016, at 18:03, resolved by March 11, 2016, at 11:27, and closed on March 24, 2016, at 18:51. The incident met the SLA and knowledge documentation was created. The incident state is resolved."
INC0005845,Resolved,False,Ruby,LadyBug,Malaysia,"Incident INC0005845, impacting medium priority systems, was opened on 11/3/2016 at 10:07 in Malaysia involving the Ruby vendor's LadyBug product. The incident was resolved promptly by 10:16 the same day, meeting SLA requirements, and was closed on 24/3/2016. The issue had medium impact and urgency, with a moderate priority level, and no knowledge article was created."
INC0012304,New,False,Emerald,Croc,Ukraine,"Incident INC0012304, related to the product Croc by vendor Emerald in Ukraine, was opened on 29/03/2016 with medium impact and urgency, assigned a moderate priority. The incident met its SLA, was resolved on 15/04/2016, and closed on 20/04/2016. The incident is currently in a new state, and no knowledge article was created."
INC0001848,Closed,True,Sapphire,BlueTang,Peru,"Incident INC0001848, related to the Sapphire BlueTang product in Peru, was opened on 3/3/2016 at 11:31 with medium impact and urgency, and moderate priority. The incident was resolved promptly (by 11:35 the same day), met its SLA, and was closed on 8/3/2016. Knowledge documentation was created."
INC0000126,New,True,Sapphire,BlueJay,Spain,"Incident INC0000126 was opened on 29/2/2016 at 09:31 in Spain involving the BlueJay product from vendor Sapphire. It was classified with medium impact and urgency, resulting in a moderate priority. The incident met the SLA, was resolved on 2/3/2016 at 14:57, and closed on 7/3/2016 at 15:00. Knowledge resources were utilized during the process. The current state of the incident is New."
INC0018666,New,False,Ruby,Fox,Philippines,"Incident INC0018666, categorized as medium impact and urgency with moderate priority, was opened on April 13, 2016, at 13:10 in the Philippines. The issue involved the product ""Fox"" from vendor Ruby. It was resolved within 6 minutes and subsequently closed on April 18, 2016, at 14:07. The incident met the SLA requirements and is currently in a new state with no related knowledge articles."
INC0020128,Resolved,False,Emerald,Croc,Austria,"Incident INC0020128, related to the Emerald Croc product in Austria, was opened on 18/4/2016 at 06:43 with medium impact and urgency, and a moderate priority. The incident met its SLA, was resolved the same day at 12:01, and subsequently closed on 23/4/2016 at 12:07. The incident is now resolved, and no knowledge article was created."
INC0008870,Awaiting User Info,False,Emerald,Boa,Pakistan,"Incident INC0008870, related to the product Boa from vendor Emerald in Pakistan, was opened on 18/03/2016 at 15:07 with a medium impact and urgency, resulting in a moderate priority. The incident is currently awaiting user information. It met the SLA requirements, was resolved on 22/11/2016 at 13:44, and closed on 27/11/2016 at 14:00. No knowledge article was created for this case."
INC0018306,Active,False,Emerald,Turtle,Bolivia,"Incident INC0018306, related to the product Turtle from vendor Emerald in Bolivia, was opened on 12/4/2016 at 16:08 with a medium impact and urgency, resulting in a moderate priority. The incident was resolved promptly by 16:15 the same day, meeting the SLA, and was closed on 17/4/2016 at 17:07. The incident remains active, and no knowledge article has been created."
INC0000064,Active,True,Sapphire,BlueTang,Egypt,"Incident INC0000064, related to the Sapphire BlueTang product in Egypt, was opened on 29/2/2016 with a medium impact and urgency, resulting in a moderate priority. The incident was active, met the SLA, and had knowledge documentation available. It was resolved on 3/3/2016 and closed on 8/3/2016."
INC0009772,Active,False,Ruby,Ant,South Korea,"Incident INC0009772 involves a medium-impact and medium-urgency issue with moderate priority related to the Ant product by vendor Ruby in South Korea. The incident was opened on March 22, 2016, at 08:06, resolved the same day at 16:33, and subsequently closed on March 27, 2016, at 16:59. The service level agreement was met, and no knowledge base article was created. The incident is currently active."
INC0006965,Active,False,Ruby,Shrimp,Argentina,"Incident INC0006965, involving the Ruby vendor's Shrimp product in Argentina, was opened on 15/3/2016 at 06:05 with medium impact and urgency, resulting in a moderate priority. The incident met its SLA, was resolved by 16/3/2016 at 16:45, and closed on 24/3/2016 at 19:00. The incident remains active and has no associated knowledge articles."
INC0011668,Resolved,False,Sapphire,Peacock,Germany,"Incident INC0011668, related to the Peacock product by vendor Sapphire in Germany, was opened on 28/03/2016 at 08:34 with medium impact and urgency, and moderate priority. The incident was resolved by 10:36 the same day, meeting the SLA, and was closed on 02/04/2016. The incident state is resolved, and no knowledge article was created."
INC0029044,Resolved,False,Emerald,Frog,Turkey,"Incident INC0029044, related to the Frog product by vendor Emerald in Turkey, was a medium impact and urgency issue (priority 3 - Moderate). It was opened on 12/5/2016 at 22:20 and resolved quickly by 22:22 the same day, meeting the SLA. The incident was eventually closed on 17/5/2016 at 23:07. Knowledge was not documented for this case."
INC0025189,Closed,False,Ruby,LadyBug,Nigeria,"Incident INC0025189, related to the Ruby vendor's LadyBug product in Nigeria, was a medium impact and urgency issue with moderate priority. It was opened on March 5, 2016, and resolved on May 9, 2016, but did not meet the SLA. The incident was closed on May 14, 2016, and no internal knowledge article was created."
INC0025628,Closed,False,Emerald,Turtle,Malaysia,"Incident INC0025628, involving the Turtle product from vendor Emerald in Malaysia, was a medium-impact and medium-urgency issue with moderate priority. It was opened on April 5, 2016, at 01:33 and resolved the same day by 03:02, meeting the SLA. The incident was closed on May 9, 2016, and did not result in knowledge base documentation."
INC0020806,Active,False,Ruby,LadyBug,Ireland,"Incident INC0020806, related to the LadyBug product by vendor Ruby in Ireland, was opened on 19/4/2016 due to a high-impact (1) and medium-urgency (2) issue, resulting in a high priority (2). The incident was active and met the SLA, resolved on 20/4/2016, and subsequently closed on 25/4/2016. No knowledge base article was created."
INC0000661,Resolved,True,Emerald,Turtle,Malaysia,"Incident INC0000661, classified as high impact and urgency with critical priority, was reported on 1/3/2016 at 11:51 in Malaysia involving the Emerald vendor's Turtle product. The incident was resolved the same day at 17:44, met the SLA, and was closed on 6/3/2016. Knowledge resources were documented for this case."
INC0006104,New,False,Sapphire,Peacock,Pakistan,"Incident INC0006104 was opened on 11/3/2016 with a medium impact and urgency, assigned a moderate priority. The incident, involving the Peacock product from vendor Sapphire in Pakistan, met its SLA. It was resolved on 24/3/2016 and closed on 29/3/2016. The incident is currently in a new state and has no associated knowledge articles."
INC0007521,Awaiting User Info,False,Ruby,Ant,Belgium,"Incident INC0007521, related to the Ruby vendor's Ant product in Belgium, was opened on 16/03/2016 with a medium impact and urgency, resulting in a moderate priority. The incident met its SLA but is currently awaiting user information. It was resolved on 29/03/2016 and closed on 03/04/2016."
INC0024793,Closed,False,Sapphire,Peacock,Belgium,"Incident INC0024793, related to the Sapphire Peacock product in Belgium, was a medium impact and medium urgency issue with moderate priority. It was opened on 2 May 2016 at 10:28 and resolved on 16 May 2016 at 15:08, then closed on 21 May 2016 at 15:10. The incident did not meet the SLA and no knowledge article was created. The incident state is closed."
INC0009643,Closed,False,Ruby,Ant,Chile,"Incident INC0009643, related to the Ruby vendor's Ant product in Chile, was opened on 21/03/2016 and closed on 02/04/2016. It had a medium impact and urgency, with a moderate priority. The incident did not meet the SLA and was resolved on 28/03/2016. Knowledge documentation was not created."
INC0024196,Closed,False,Sapphire,Peacock,Czech Republic,"Incident INC0024196, categorized with medium impact and urgency and moderate priority, was opened on 29/4/2016 for the Peacock product supported by vendor Sapphire in the Czech Republic. The incident met its SLA and was resolved on 2/5/2016, then closed on 7/5/2016. Knowledge documentation was not created for this case."
INC0013948,Closed,False,Sapphire,Peacock,Canada,"Incident INC0013948, related to the Peacock product by vendor Sapphire in Canada, was a medium-impact and medium-urgency issue with moderate priority. It was opened on April 1, 2016, at 10:09, resolved the same day by 12:28, and closed on April 6, 2016, at 12:59. The incident met the SLA requirements and is now closed."
INC0026813,Resolved,False,Emerald,Boa,Philippines,"Incident INC0026813, related to the Boa product from vendor Emerald in the Philippines, was a medium impact and urgency issue with moderate priority. It was opened on June 5, 2016, at 11:18 and resolved by May 9, 2016, at 09:54, meeting the SLA requirements. The incident was closed on May 14, 2016. No knowledge article was created for this case."
INC0000780,Active,True,Emerald,Frog,Ukraine,"Incident INC0000780, related to the Frog product by vendor Emerald in Ukraine, was opened on 1/3/2016 at 14:57 with a medium impact and urgency, resulting in a moderate priority. The incident was active, met the SLA, and had associated knowledge. It was resolved the same day at 17:19 and subsequently closed on 6/3/2016 at 18:00."
INC0012550,Resolved,False,Emerald,Croc,Greece,"Incident INC0012550, related to the Emerald vendor's Croc product in Greece, was opened on 29/3/2016 and resolved by 4/4/2016. It had a medium impact and urgency, with a moderate priority. The incident met the SLA and is now closed as of 9/4/2016."
INC0005059,New,True,Sapphire,BlueTang,Vietnam,"Incident INC0005059, related to the BlueTang product from vendor Sapphire in Vietnam, was opened on 9/3/2016 with a medium impact and urgency, and moderate priority. The incident met the SLA requirements, was resolved on 21/3/2016, and closed on 26/3/2016. The incident state is currently new and includes knowledge documentation."
INC0005556,Active,True,Ruby,Ant,Switzerland,"Incident INC0005556, related to the Ruby vendor's Ant product in Switzerland, is currently active with a medium impact and urgency level, resulting in a moderate priority. The incident met its SLA and has associated knowledge documentation. It was initially opened on October 3, 2016, at 16:07, resolved on April 1, 2016, at 14:02, and subsequently closed on April 6, 2016, at 14:59."
INC0010655,Active,False,Emerald,Frog,Portugal,"Incident INC0010655, related to the Emerald Frog product in Portugal, was opened on 23/3/2016 and had a medium impact and urgency, resulting in a moderate priority. The incident met the SLA, was resolved on 28/3/2016, and closed on 2/4/2016. The incident state is currently active, and no knowledge article was created."
INC0021371,Closed,False,Ruby,LadyBug,United Arab Emirates,"Incident INC0021371, related to the LadyBug product by vendor Ruby in the United Arab Emirates, was opened on 20/4/2016 at 14:13 with a medium impact and urgency, resulting in a moderate priority. The issue was resolved quickly by 14:18 the same day, met the SLA, and was subsequently closed on 25/4/2016 at 15:07. The incident is now closed and no knowledge article was created."
INC0026706,New,False,Sapphire,Glaucus,Italy,"Incident INC0026706, with medium impact and urgency (priority 3 - moderate), was opened on June 5, 2016, at 09:13 in Italy. The issue involved the Glaucus product from vendor Sapphire. The incident met its SLA, was resolved the same day at 11:00, and closed on November 5, 2016, at 11:07. The incident is currently in a New state and has no associated knowledge article."
INC0000877,New,True,Sapphire,Glaucus,Chile,"Incident INC0000877, classified as high impact and urgency with critical priority, was opened on March 1, 2016, in Chile involving the Sapphire vendor's Glaucus product. The incident met its SLA, was resolved by March 2, and closed on March 7, 2016."
INC0020627,Active,False,Sapphire,BlueJay,Denmark,"Incident INC0020627, related to the Sapphire BlueJay product in Denmark, was opened on April 18, 2016, with a medium impact and urgency, resulting in a moderate priority. The incident was active and met the SLA. It was resolved on June 17, 2016, and closed on June 22, 2016. No knowledge article was created."
INC0006239,Active,False,Ruby,LadyBug,Brazil,"Incident INC0006239, related to the LadyBug product by vendor Ruby in Brazil, was opened on 11/3/2016 with a medium impact and urgency, resulting in a moderate priority. The incident met its SLA, was resolved on 18/3/2016, and closed on 24/3/2016. The incident is currently active and does not have associated knowledge documentation."
INC0016945,Active,False,Emerald,Turtle,Singapore,"Incident INC0016945, related to the Turtle product from vendor Emerald in Singapore, was opened on 8/4/2016. It had a medium impact and urgency, resulting in a moderate priority. The incident met its SLA, was resolved on 14/4/2016, and closed on 19/4/2016. The incident is currently marked as active, and no knowledge article was created."
INC0007101,Resolved,False,Sapphire,Glaucus,Denmark,"Incident INC0007101, related to the Sapphire Glaucus product in Denmark, was opened on 15/03/2016 at 09:41 with a medium impact and urgency, resulting in a moderate priority. The incident met SLA requirements and was resolved before being closed on 24/03/2016 at 19:01. Knowledge articles were not created for this case."
INC0021386,Active,False,Sapphire,Glaucus,Singapore,"Incident INC0021386, categorized with medium impact and urgency and moderate priority, was opened on 20/04/2016 in Singapore involving the Sapphire vendor's Glaucus product. The incident met its SLA, was resolved by 27/04/2016, and closed on 02/05/2016. The incident remains active and no knowledge article has been created."
INC0010394,Active,False,Emerald,Turtle,Portugal,"Incident INC0010394, related to the product Turtle from vendor Emerald in Portugal, was opened on 23/03/2016 due to a medium impact and urgency issue, classified with moderate priority. The incident remained active, met the SLA, and was resolved on 29/03/2016 and closed on 03/04/2016. No knowledge article was created for this incident."
INC0027628,Resolved,False,Sapphire,Peacock,Morocco,"Incident INC0027628, related to the Sapphire Peacock product in Morocco, was a medium-impact and medium-urgency issue with moderate priority. It was opened on 9/5/2016 and resolved by 17/5/2016, meeting the SLA. The incident was subsequently closed on 22/5/2016."
INC0016662,Closed,False,Ruby,Shrimp,Egypt,"Incident INC0016662, related to the Ruby vendor's Shrimp product in Egypt, was opened on 7/4/2016 at 16:09 with a medium impact and urgency, and moderate priority. The incident was resolved the same day at 16:59 and closed on 12/4/2016 at 17:59. It met the SLA and is now closed, with no knowledge article created."
INC0003201,New,True,Ruby,LadyBug,Sweden,"Incident INC0003201 involving the LadyBug product by vendor Ruby was opened on 7/3/2016 with low impact, urgency, and priority. The issue, originating in Sweden, met the SLA and was resolved by 16/3/2016 and subsequently closed on 24/3/2016. The incident is currently in a new state and has associated knowledge documentation."
INC0007201,New,False,Emerald,Frog,Portugal,"Incident INC0007201, related to the Emerald vendor's Frog product in Portugal, was opened on 15/3/2016 with a medium impact and urgency, and moderate priority. The incident was resolved by 16/3/2016 and closed on 24/3/2016, meeting the SLA requirements. The knowledge base was not updated. The current state is New."
INC0003360,New,True,Sapphire,Peacock,Morocco,"Incident INC0003360, related to the Sapphire Peacock product in Morocco, was opened on July 3, 2016. It had a medium impact and urgency, resulting in a moderate priority. The incident was addressed within SLA, resolved on August 3, 2016, and closed on March 24, 2016."
INC0024682,Resolved,False,Ruby,Ant,Denmark,"Incident INC0024682, related to the Ant product by vendor Ruby in Denmark, was opened on 2 May 2016 at 08:53 with a medium impact and urgency, and moderate priority. The incident was resolved on 3 May 2016 at 11:33, meeting the SLA, and was closed on 8 May 2016 at 12:07. The incident state is resolved, and no knowledge article was created."
INC0024735,Active,False,Ruby,Shrimp,Peru,"Incident INC0024735, related to the Ruby vendor's Shrimp product in Peru, was opened on 2/5/2016 at 09:30 with a medium impact and urgency, resulting in a moderate priority. The incident was active and met its SLA, resolved on 3/5/2016 at 11:30, and closed on 8/5/2016 at 12:07. No knowledge article was created."
INC0004233,Awaiting User Info,True,Sapphire,BlueJay,Pakistan,"Incident INC0004233, related to the Sapphire BlueJay product in Pakistan, was opened on 8 March 2016 with medium impact and urgency, resulting in a moderate priority. The incident met its SLA, was resolved on 11 March 2016, and closed on 24 March 2016. It is currently awaiting user information."
INC0010470,Awaiting User Info,False,Sapphire,Peacock,Chile,"Incident INC0010470, related to the Peacock product from vendor Sapphire in Chile, was opened on 23 March 2016 at 11:12 with a medium impact and urgency, resulting in a moderate priority. The incident, currently awaiting user information, met its SLA and was resolved and closed on 14 April 2016 at 14:28. No knowledge article was created for this incident."
INC0007417,Active,False,Emerald,Frog,United States,"Incident INC0007417, related to the Emerald vendor's Frog product in the United States, was opened on 15/03/2016 at 16:24 with a medium impact and urgency, and a moderate priority. The incident remained active and met the SLA, was resolved on 17/03/2016 at 17:01, and closed on 24/03/2016 at 19:01. No knowledge article was created."
INC0013489,Resolved,False,Ruby,LadyBug,Argentina,"Incident INC0013489, related to the Ruby LadyBug product in Argentina, was categorized as medium impact and urgency with moderate priority. The incident was opened on March 31, 2016, at 11:48, resolved on April 4, 2016, at 08:29, and closed on April 9, 2016, at 08:59. The resolution met the SLA requirements. No knowledge article was created."
INC0008850,New,False,Emerald,Boa,Thailand,"Incident INC0008850 was opened on 18/3/2016 with a medium impact and urgency, resulting in a moderate priority. The issue involved the product Boa from vendor Emerald in Thailand. The incident met its SLA, was resolved on 30/3/2016, and closed on 4/4/2016. The incident is currently in a new state and does not have associated knowledge documentation."
INC0027811,Active,False,Emerald,Turtle,Portugal,"Incident INC0027811 was opened on 10/5/2016 with medium impact and urgency, assigned a moderate priority. The incident, involving the Turtle product from vendor Emerald in Portugal, met its SLA. It was resolved on 19/5/2016 and closed on 24/5/2016. The incident is currently marked as active and no knowledge article was created."
INC0003069,New,True,Ruby,LadyBug,France,"Incident INC0003069 was opened on 7/3/2016 at 08:29 with a medium impact and urgency, resulting in moderate priority. The issue, related to the LadyBug product by vendor Ruby in France, met its SLA and was resolved quickly by 08:34 the same day. The incident was eventually closed on 24/3/2016 at 18:40. Knowledge documentation was available for this case."
INC0015191,Active,False,Emerald,Turtle,Bolivia,"Incident INC0015191, related to the Emerald vendor's Turtle product in Bolivia, was opened on 5/4/2016 and resolved by 7/4/2016, subsequently closed on 12/4/2016. The incident had a medium impact and urgency, with a moderate priority. The service level agreement (SLA) was met, and no knowledge article was created. The incident remains active."
INC0014219,Resolved,False,Ruby,Fox,United Kingdom,"Incident INC0014219, related to the Ruby vendor's Fox product in the United Kingdom, was classified with medium impact and urgency (priority 3 - moderate). The incident was opened on 1 April 2016 at 15:24, resolved on 6 April 2016 at 18:54, and closed on 11 April 2016 at 18:59. The resolution met the SLA requirements. No knowledge article was created."
INC0003201,Active,True,Sapphire,BlueTang,South Africa,"Incident INC0003201, involving the Sapphire BlueTang product in South Africa, was opened on July 3, 2016. It had a low impact, urgency, and priority level. The incident met the SLA and was resolved by March 16, 2016, then closed on March 24, 2016. The incident is currently marked as active with available knowledge resources."
INC0009496,Resolved,False,Ruby,Ant,Brazil,"Incident INC0009496, related to the Ant product by vendor Ruby in Brazil, was opened on 21/03/2016 at 13:37 with a medium impact and urgency, and moderate priority. The incident was resolved the same day at 15:36, meeting the SLA, and was subsequently closed on 26/03/2016. The incident state is resolved, and no knowledge article was created."
INC0014963,Closed,False,Sapphire,BlueJay,Egypt,"Incident INC0014963, involving the Sapphire BlueJay product in Egypt, was opened on 4/4/2016 at 14:36 and resolved the same day by 15:10. The incident had a medium impact and urgency, resulting in a moderate priority. The issue met the SLA and was officially closed on 9/4/2016. Knowledge documentation was not created."
INC0011229,Closed,False,Sapphire,BlueTang,Belgium,"Incident INC0011229, related to the Sapphire BlueTang product in Belgium, was opened on 24/3/2016 and closed on 2/4/2016. It had a medium impact and urgency, resulting in a moderate priority. The incident met its SLA and was resolved by 28/3/2016. The knowledge article was not created."
INC0002685,Active,True,Ruby,LadyBug,United States,"Incident INC0002685, related to the Ruby vendor's LadyBug product in the United States, was opened on April 3, 2016, and had a medium impact and urgency, resulting in a moderate priority. The incident met its SLA, was resolved on March 16, 2016, and closed on March 24, 2016. The incident is currently marked as active and includes knowledge documentation."
INC0019235,Awaiting User Info,False,Emerald,Frog,Nigeria,"Incident INC0019235, related to the Frog product by vendor Emerald in Nigeria, was opened on 14/04/2016 and had a medium impact and urgency, resulting in a moderate priority. The incident met its SLA and was resolved on 25/04/2016 but is currently awaiting user information as of the last update. The ticket was closed on 30/04/2016. No knowledge article was created."
INC0001987,Active,True,Emerald,Boa,Nigeria,"Incident INC0001987, related to the Boa product by vendor Emerald in Nigeria, was opened on March 3, 2016. It had a low impact and priority, with medium urgency. The incident was active but resolved by March 8, 2016, and closed on March 24, 2016. The service level agreement (SLA) was met, and relevant knowledge documentation was available."
INC0010655,Closed,False,Ruby,Fox,Egypt,"Incident INC0010655, related to the Ruby vendor's Fox product in Egypt, was opened on 23/3/2016 and closed on 2/4/2016. The incident had a medium impact and urgency, with a moderate priority. It did not meet the SLA and was resolved on 28/3/2016. The incident is now closed and no knowledge article was created."
INC0004387,Active,True,Emerald,Boa,Greece,"Incident INC0004387, related to the product Boa from vendor Emerald in Greece, was opened on August 3, 2016, with a medium impact and urgency, resulting in a moderate priority. The incident was active and met the SLA requirements. It was resolved on August 22, 2016, and closed on August 27, 2016. Relevant knowledge was documented during the process."
INC0013355,Resolved,False,Sapphire,Glaucus,Colombia,"Incident INC0013355, related to the Glaucus product from vendor Sapphire in Colombia, was opened on 31/03/2016 at 08:53 with a medium impact and urgency, and a moderate priority. The incident was resolved within the SLA and ultimately closed on 05/04/2016 at 09:59. The knowledge article was not created."
INC0018805,New,False,Sapphire,BlueTang,Norway,"Incident INC0018805, related to the BlueTang product from vendor Sapphire in Norway, was opened on 13/4/2016 with medium impact and urgency, resulting in a moderate priority. The incident met its SLA, was resolved on 14/4/2016, and closed on 19/4/2016. The current state is New, and no knowledge base article was created."
INC0012852,Resolved,False,Sapphire,BlueJay,Egypt,"Incident INC0012852, related to the BlueJay product by vendor Sapphire in Egypt, was opened on 30/03/2016 at 08:55 with a medium impact and urgency, resulting in a moderate priority classification. The incident was resolved promptly by 09:07 the same day, meeting the SLA, and was subsequently closed on 04/04/2016. The incident is now marked as resolved with no associated knowledge article."
INC0001014,Awaiting User Info,True,Ruby,LadyBug,Peru,"Incident INC0001014, related to the Ruby vendor's LadyBug product in Peru, was opened on 2nd March 2016 with medium impact and urgency, resulting in a moderate priority. The incident met its SLA and included relevant knowledge documentation. It was resolved on 12th April 2016 and closed on 17th April 2016. The current state is ""Awaiting User Info."""
INC0001169,Active,True,Emerald,Boa,United States,"Incident INC0001169, related to the product Boa from vendor Emerald in the United States, was opened on 2/3/2016 at 11:14 with medium impact and urgency, and a moderate priority. The incident remained active but met the SLA, was resolved on 4/3/2016 at 11:44, and closed on 9/3/2016 at 12:00. Knowledge resources were utilized during the resolution."
INC0008061,Active,False,Ruby,LadyBug,United Arab Emirates,"Incident INC0008061, related to the Ruby vendor's LadyBug product in the United Arab Emirates, was opened on 17 March 2016 at 07:58 with a medium impact and urgency, resulting in a moderate priority. The incident met its SLA, was resolved the same day at 10:41, and subsequently closed on 24 March 2016. The incident is currently marked as active, and no knowledge article was created."
INC0010319,Active,False,Emerald,Croc,Netherlands,"Incident INC0010319, related to the Emerald vendor's Croc product in the Netherlands, was opened on 23/3/2016 at 08:52 with a medium impact and urgency, resulting in a moderate priority. The incident met its SLA, was resolved on 24/3/2016 at 08:25, and closed on 29/3/2016 at 08:59. The incident is currently marked as active and does not have associated knowledge documentation."
INC0000818,Active,True,Ruby,Shrimp,New Zealand,"Incident INC0000818, related to the Ruby vendor's Shrimp product in New Zealand, was opened on March 1, 2016, with medium impact and urgency, resulting in a moderate priority. The incident met the SLA, was resolved by March 3, 2016, and closed on March 8, 2016. The incident remains active and has associated knowledge documentation."
INC0000981,Resolved,True,Ruby,Ant,Indonesia,"Incident INC0000981, related to the Ruby vendor's Ant product in Indonesia, was opened on 2nd March 2016 and resolved by 16th March 2016. The incident had a medium impact and urgency, with a moderate priority. The issue was addressed within the SLA, and the ticket was closed on 24th March 2016. Knowledge documentation was created for this incident."
INC0012152,Awaiting User Info,False,Ruby,LadyBug,Turkey,"Incident INC0012152, related to the Ruby vendor's LadyBug product in Turkey, was opened on 28/3/2016 and had a medium impact and urgency, with a moderate priority. The incident met its SLA, was marked as awaiting user information, and was resolved on 4/4/2016 before being closed on 9/4/2016. No knowledge article was created."
INC0012207,New,False,Emerald,Turtle,Vietnam,"Incident INC0012207, related to the vendor Emerald's product Turtle in Vietnam, was opened on 28/3/2016 with a medium impact and urgency, resulting in a moderate priority. The incident was resolved by 6/4/2016 and closed on 11/4/2016. The SLA was met, and no knowledge article was created. The current incident state is New."
INC0026497,Active,False,Sapphire,Peacock,Chile,"Incident INC0026497, related to the Peacock product by vendor Sapphire in Chile, was opened on 5 May 2016 and resolved by 9 May 2016, then closed on 14 May 2016. It had medium impact and urgency, resulting in a moderate priority. The incident met SLA requirements but does not have associated knowledge documentation. The current state is Active."
INC0016256,Closed,False,Ruby,Ant,Philippines,"Incident INC0016256, related to the Ant product by vendor Ruby in the Philippines, was opened on 6/4/2016 at 19:08 with a medium impact and urgency, resulting in a moderate priority. The incident was resolved quickly by 19:18 the same day and ultimately closed on 11/4/2016 at 19:59. The service level agreement (SLA) was met, and no knowledge article was created. The incident is now closed."
INC0005307,Active,True,Emerald,Frog,Switzerland,"Incident INC0005307, related to the Emerald Frog product in Switzerland, was opened on 10/3/2016 and had a medium impact and urgency with moderate priority. The incident met the SLA, was resolved on 28/3/2016, and closed on 2/4/2016. The incident is currently marked as active and has associated knowledge documentation."
INC0015961,Resolved,False,Sapphire,Glaucus,Hungary,"Incident INC0015961, related to the Sapphire Glaucus product in Hungary, was opened on 6 April 2016 and resolved by 11 April 2016, meeting the SLA. The incident had medium impact and urgency, with a moderate priority. It was ultimately closed on 16 April 2016. Knowledge documentation was not created."
INC0027095,New,False,Emerald,Turtle,Germany,"Incident INC0027095 was opened on July 5, 2016, with a medium impact and urgency, resulting in a moderate priority. The issue involved the Turtle product from vendor Emerald in Germany. The incident was resolved on May 24, 2016, and closed on May 29, 2016, successfully meeting the SLA."
INC0019586,New,False,Ruby,Shrimp,Czech Republic,"Incident INC0019586 was opened on 15/4/2016 at 10:43 with a medium impact and urgency, resulting in a moderate priority. The issue involved the Shrimp product from vendor Ruby in the Czech Republic. The incident met its SLA, was resolved on the same day at 11:28, and subsequently closed on 20/4/2016 at 12:07. The incident is currently in a new state and does not have associated knowledge documentation."
INC0008030,New,False,Emerald,Turtle,Israel,"Incident INC0008030, related to the Emerald Turtle product in Israel, was opened on 17/03/2016 and had a medium impact and urgency with moderate priority. The incident was resolved by 18/03/2016 and closed on 24/03/2016. Service level agreements were met, and no knowledge article was created. The current state is New."
INC0002705,New,True,Emerald,Croc,Saudi Arabia,"Incident INC0002705 was opened on 4th March 2016 with medium impact and urgency, and moderate priority. The incident involved the Croc product from vendor Emerald in Saudi Arabia. It met the SLA, was resolved on 7th March 2016, and closed on 24th March 2016. Knowledge resources were available for this incident."
INC0007193,New,False,Sapphire,BlueTang,Austria,"Incident INC0007193, related to the BlueTang product by vendor Sapphire in Austria, was opened on 15/3/2016 and had a medium impact and urgency, resulting in a moderate priority. The incident met its SLA, was resolved on 29/3/2016, and closed on 3/4/2016. The incident is currently in a new state and has no associated knowledge article."
INC0009869,Active,False,Emerald,Frog,Germany,"Incident INC0009869, related to the product Frog from vendor Emerald in Germany, was opened on 22 March 2016 and closed on 6 April 2016. It had a medium impact and urgency, resulting in a moderate priority. The incident met its SLA but was not marked as knowledge-based. The incident was resolved on 1 April 2016."
INC0023258,Closed,False,Sapphire,BlueJay,Mexico,"Incident INC0023258, related to the BlueJay product by vendor Sapphire in Mexico, was opened on 27/4/2016 and closed on 11/5/2016. It had a medium impact and urgency, with a moderate priority. The incident did not meet the SLA and was resolved on 6/5/2016. The incident is now closed."
INC0025693,Active,False,Emerald,Frog,Denmark,"Incident INC0025693, related to the Frog product by vendor Emerald in Denmark, was a critical priority case with high impact and urgency. It was opened on 4/5/2016 at 08:57 and resolved by 6/5/2016 at 10:35, then closed on 11/5/2016 at 11:07. The incident met its SLA but knowledge documentation was not created. The current state is active."
INC0013151,Active,False,Ruby,LadyBug,Poland,"Incident INC0013151, related to the Ruby vendor's LadyBug product in Poland, is currently active with medium impact and urgency, and moderate priority. The incident was opened on 30/03/2016 at 15:28, met the SLA, and was resolved on 17/10/2016 at 12:48, before being closed on 22/10/2016 at 13:00. No knowledge article is associated."
INC0007798,Resolved,False,Emerald,Boa,Peru,"Incident INC0007798, related to the Emerald vendor's Boa product in Peru, was opened on 16 March 2016 and resolved on 19 April 2016, with closure on 24 April 2016. It had a medium impact and urgency, resulting in a moderate priority. The incident met the SLA and is now resolved."
INC0009894,Closed,False,Sapphire,BlueTang,United States,"Incident INC0009894, involving the Sapphire BlueTang product in the United States, was opened on March 22, 2016, and closed on April 11, 2016. It had a medium impact and urgency with a moderate priority. The incident did not meet the SLA and was resolved shortly before closure. The incident is now closed."
INC0025849,Closed,False,Emerald,Croc,Poland,"Incident INC0025849, categorized as medium impact and urgency with moderate priority, was opened on 4 May 2016 and involved the Emerald vendor's Croc product in Poland. The incident was resolved on 20 May 2016 and closed on 25 May 2016. The service level agreement (SLA) was not met, and no knowledge article was created."
INC0008187,Active,False,Emerald,Croc,China,"Incident INC0008187, related to the Croc product by vendor Emerald in China, was opened on 17/3/2016 at 10:03. It had a medium impact and urgency, with a moderate priority. The incident was active and met its SLA. It was resolved on 18/3/2016 at 15:15 and closed on 24/3/2016 at 19:02. No knowledge article was created."
INC0000631,New,True,Ruby,Shrimp,Morocco,"Incident INC0000631 was opened on January 3, 2016, with a medium impact and urgency, resulting in a moderate priority. The issue involved the Ruby vendor's Shrimp product in Morocco. The incident met the SLA, was resolved on March 3, 2016, and closed on March 8, 2016. It is currently in a new state, with knowledge documentation available."
INC0017055,New,False,Emerald,Turtle,United Kingdom,"Incident INC0017055, related to the product Turtle from vendor Emerald in the United Kingdom, was opened on 8/4/2016 with medium impact and urgency, assigned a moderate priority. The incident was resolved on 11/4/2016 and closed on 16/4/2016, meeting the SLA requirements. The incident is currently in a new state and does not have associated knowledge documentation."
INC0016818,Resolved,False,Emerald,Boa,Thailand,"Incident INC0016818, related to the Emerald Boa product in Thailand, was opened on 8 April 2016 and resolved by 13 October 2016. It had a medium impact and urgency, resulting in a moderate priority classification. The incident met SLA requirements and was ultimately closed on 18 October 2016."
INC0002546,Awaiting User Info,True,Sapphire,BlueTang,Vietnam,"Incident INC0002546, related to the BlueTang product from vendor Sapphire in Vietnam, was opened on 4th March 2016. It had a medium impact and urgency, resulting in a moderate priority. The incident met its SLA requirements and involved knowledge resources. It was resolved on 12th March 2016 but remained in the state ""Awaiting User Info"" before being closed on 24th March 2016."
INC0003648,Active,True,Ruby,Shrimp,Ukraine,"Incident INC0003648, related to the Ruby vendor's Shrimp product in Ukraine, was opened on July 3, 2016, at 14:42 with a medium impact and urgency, resulting in a moderate priority. The incident met its SLA, was resolved on March 14, 2016, at 10:08, and closed on March 24, 2016, at 18:50. The incident is currently active and has associated knowledge documentation."
INC0006607,Active,False,Sapphire,Glaucus,Colombia,"Incident INC0006607, related to the Sapphire Glaucus product in Colombia, was opened on 14/3/2016 at 11:04 with medium impact and urgency, resulting in a moderate priority. The incident met its SLA, was resolved on 15/3/2016 at 16:43, and closed on 24/3/2016 at 19:00. The incident is currently marked as active and does not have associated knowledge documentation."
INC0005876,New,False,Emerald,Croc,Ecuador,"Incident INC0005876 was opened on 11/3/2016 with a medium impact and urgency, and moderate priority. The incident involved the Emerald vendor's Croc product in Ecuador. It met the SLA requirements, was resolved on 14/3/2016, and closed on 24/3/2016. The incident state was New at the time of recording, and no associated knowledge article was created."
INC0024368,Awaiting User Info,False,Sapphire,BlueTang,Morocco,"Incident INC0024368, related to the Sapphire BlueTang product in Morocco, was opened on 29/04/2016 with medium impact and urgency, resulting in a moderate priority. The incident met its SLA and was resolved on 26/05/2016, then closed on 31/05/2016. It is currently awaiting user information."
INC0012666,Resolved,False,Emerald,Boa,New Zealand,"Incident INC0012666, related to the Emerald vendor's Boa product in New Zealand, was opened on 29/3/2016 and resolved by 4/4/2016. It was classified with medium impact and urgency, resulting in moderate priority. The incident met its SLA and was closed on 9/4/2016."
INC0001695,New,True,Ruby,Fox,Israel,"Incident INC0001695, related to the Ruby vendor's Fox product in Israel, was opened on March 3, 2016, with a medium impact and urgency, and a moderate priority. The incident was resolved on March 11, 2016, and closed on March 24, 2016. It met the SLA requirements and had knowledge documentation available. The current state is New."
INC0010501,Active,False,Ruby,Shrimp,Austria,"Incident INC0010501, related to the Ruby vendor's Shrimp product in Austria, was opened on 23 March 2016 and had a medium impact and urgency, with a moderate priority. The incident met its SLA, was resolved on 12 April 2016, and closed on 17 April 2016. The ticket remains active and does not have associated knowledge documentation."
INC0013289,Active,False,Ruby,LadyBug,Kenya,"Incident INC0013289, related to the Ruby vendor's LadyBug product in Kenya, was opened on 31/03/2016 and had medium impact and urgency with a moderate priority. The incident was active, met SLA requirements, and was resolved on 07/04/2016 before being closed on 12/04/2016."
INC0017333,Closed,False,Ruby,Shrimp,Belgium,"Incident INC0017333, related to the Ruby vendor's Shrimp product in Belgium, was opened on April 11, 2016, and closed on April 18, 2016. It had medium impact and urgency, with a moderate priority. The incident met its SLA and was resolved by April 13, 2016. Knowledge documentation was not created."
INC0013019,New,False,Ruby,LadyBug,Finland,"Incident INC0013019, with medium impact and urgency (priority 3 - Moderate), was opened on 30/3/2016 at 11:56 and resolved the same day by 15:13. The case, involving the Ruby vendor and LadyBug product in Finland, met its SLA and was closed on 4/4/2016 at 15:59. The incident is currently in a new state and has no associated knowledge base article."
INC0018616,New,False,Sapphire,BlueJay,Ireland,"Incident INC0018616 was opened on 13/4/2016 at 11:33 with a medium impact and urgency, resulting in a moderate priority. The issue involved the BlueJay product from vendor Sapphire in Ireland. The incident met its SLA, was resolved on 14/4/2016 at 09:44, and closed on 19/4/2016 at 10:07. The incident state is currently New, and no knowledge article was created."
INC0028111,New,False,Sapphire,BlueJay,United States,"Incident INC0028111 was opened on October 5, 2016, and classified with medium impact and urgency, resulting in a moderate priority. It involved the BlueJay product from the vendor Sapphire in the United States. The incident met its SLA, was resolved on December 5, 2016, and closed on December 17, 2016. The incident state is currently new, and no knowledge article is associated."
INC0016962,Active,False,Ruby,Fox,Ireland,"Incident INC0016962, related to the Ruby vendor's Fox product in Ireland, was opened on 8/4/2016 at 11:49 and had a medium impact and urgency, resulting in a moderate priority. The incident was resolved the same day at 14:52 and closed on 13/4/2016 at 14:59. The incident met the SLA but did not involve knowledge documentation. The current state is Active."
INC0001704,New,True,Emerald,Croc,Israel,"Incident INC0001704, related to the product Croc from vendor Emerald in Israel, was opened on 3/3/2016 with a medium impact and urgency, resulting in a moderate priority. The incident met the SLA, was resolved on 14/3/2016, and closed on 24/3/2016. The incident is currently in a new state and has associated knowledge articles."
INC0008279,Resolved,False,Ruby,Fox,Japan,"Incident INC0008279, impacting medium urgency and medium impact, was opened on 17 March 2016 and resolved by 14 April 2016. Assigned a moderate priority, the issue involved the Ruby vendor's Fox product in Japan. The incident met its SLA and was closed on 19 April 2016."
INC0022724,Closed,False,Sapphire,Peacock,Finland,"Incident INC0022724, related to the Peacock product from vendor Sapphire in Finland, was opened on 26/4/2016 at 11:20 with a medium impact and urgency, resulting in a moderate priority. The incident met the SLA and was closed on 1/5/2016 at 12:07. The incident state is closed, and no knowledge article was created."
INC0021024,New,False,Emerald,Frog,Ireland,"Incident INC0021024, related to the Emerald vendor's Frog product in Ireland, was opened on 19/04/2016 at 15:51 with a medium impact and urgency, and a moderate priority. The incident met its SLA, was resolved on 12/05/2016 at 11:39, and closed on 17/05/2016 at 12:07. The incident state is currently new, and no knowledge article was created."
INC0005979,New,False,Ruby,LadyBug,Vietnam,"Incident INC0005979, related to the LadyBug product by Ruby in Vietnam, was opened on 11/3/2016 and resolved on 14/6/2016, then closed on 19/6/2016. It had medium impact and urgency, with moderate priority. The incident met the SLA requirements and is currently in a New state. No knowledge base article was created."
INC0027525,Closed,False,Ruby,Shrimp,Peru,"Incident INC0027525, related to the Ruby vendor's Shrimp product in Peru, was a medium-impact and medium-urgency issue with moderate priority. It was opened on September 5, 2016, and resolved on May 19, 2016, but did not meet the SLA. The incident was closed on May 24, 2016. No knowledge article was created."
INC0006134,Awaiting User Info,False,Ruby,Fox,Philippines,"Incident INC0006134, related to the Ruby vendor's Fox product in the Philippines, was opened on 11/3/2016 with a medium impact and urgency, and moderate priority. The incident met the SLA, was resolved on 23/3/2016, and closed on 28/3/2016. It is currently awaiting user information and does not have an associated knowledge article."
INC0001778,New,True,Ruby,Ant,Israel,"Incident INC0001778 was opened on 3/3/2016 with a high impact and urgency, classified as critical priority. The incident involved the Ruby vendor's Ant product in Israel. It met the SLA requirements, was resolved on 9/3/2016, and closed on 24/3/2016. Knowledge articles were created for this incident."
INC0021416,Closed,False,Sapphire,Peacock,Turkey,"Incident INC0021416, related to the Peacock product from vendor Sapphire in Turkey, was opened on 20/4/2016 at 14:45 with medium impact and urgency, and moderate priority. The incident was resolved the same day at 15:29, met its SLA, and was closed on 25/4/2016. The incident is now closed, and no knowledge article was created."
INC0015107,Resolved,False,Emerald,Turtle,Netherlands,"Incident INC0015107, involving the Emerald vendor's Turtle product in the Netherlands, was opened on April 4, 2016, at 18:39 with a medium impact and urgency, resulting in a moderate priority. The incident met the SLA and was resolved before being closed on April 9, 2016, at 18:59. The ticket is now resolved, with no knowledge article created."
INC0000920,Awaiting User Info,True,Sapphire,BlueJay,Egypt,"Incident INC0000920, related to the BlueJay product from vendor Sapphire in Egypt, was opened on 1/3/2016 with medium impact and urgency, resulting in a moderate priority. The incident met its SLA targets and included knowledge documentation. It was resolved on 9/3/2016 and closed on 24/3/2016. The current state is ""Awaiting User Info."""
INC0008242,Active,False,Emerald,Croc,Kenya,"Incident INC0008242, related to the product Croc by vendor Emerald in Kenya, was opened on 17/03/2016 at 10:47 with a medium impact and urgency, resulting in a moderate priority. The incident was active and met its SLA, resolved on 18/03/2016 at 06:29, and finally closed on 24/03/2016 at 19:02. No knowledge article was created."
INC0020575,New,False,Ruby,Fox,Saudi Arabia,"Incident INC0020575 was opened on 18/4/2016 in Saudi Arabia, involving the Ruby vendor's Fox product. It had a medium impact and urgency, with a moderate priority. The incident was resolved on 2/5/2016 and closed on 7/5/2016, meeting its SLA. The current state is New, and no knowledge base article was created."
INC0008241,Closed,False,Emerald,Croc,Thailand,"Incident INC0008241, related to the Emerald vendor's Croc product in Thailand, was opened on 17/03/2016 and closed on 24/03/2016. It had a medium impact and urgency, with a moderate priority. The incident was resolved on 18/03/2016, met the SLA, and is now closed."
INC0028163,Resolved,False,Ruby,LadyBug,Denmark,"Incident INC0028163, related to the Ruby vendor's LadyBug product in Denmark, was logged on 11/5/2016 with medium impact and urgency, and moderate priority. The incident was resolved on 23/5/2016, meeting the SLA, and subsequently closed on 28/5/2016."
INC0016162,New,False,Sapphire,Glaucus,Morocco,"Incident INC0016162, classified with medium impact and urgency (priority 3 - Moderate), was opened on 6/4/2016 at 16:15 and resolved the same day by 17:22. The case, involving the Sapphire vendor's Glaucus product in Morocco, met its SLA and was closed on 11/4/2016. The incident is currently in a New state and has no associated knowledge articles."
INC0012282,New,False,Ruby,Shrimp,New Zealand,"Incident INC0012282 was opened on 29/3/2016 at 08:06 with a medium impact and urgency, resulting in a moderate priority. The issue, related to the Ruby vendor’s Shrimp product in New Zealand, was resolved the same day at 08:23 and closed on 3/4/2016 at 08:59. The incident met its SLA but did not have associated knowledge documentation."
INC0008162,Active,False,Ruby,LadyBug,South Korea,"Incident INC0008162, involving the Ruby vendor's LadyBug product in South Korea, was opened on 17/03/2016 and closed on 05/04/2016. The incident was active with medium impact and urgency, resulting in a moderate priority. The service level agreement (SLA) was met. The incident was resolved on 31/03/2016 but was not documented in the knowledge base."
INC0025180,Awaiting User Info,False,Sapphire,BlueTang,China,"Incident INC0025180, related to the Sapphire vendor's BlueTang product in China, was opened on March 5, 2016, with a medium impact and high urgency and priority. The incident met its SLA but is currently awaiting user information. It was resolved on June 8, 2016, and closed on June 13, 2016."
INC0021845,Resolved,False,Ruby,Shrimp,Netherlands,"Incident INC0021845, related to the Ruby vendor's Shrimp product in the Netherlands, was opened on 22/4/2016 at 13:56 with a medium impact and urgency, resulting in a moderate priority. The incident was resolved on 25/4/2016 at 15:57, meeting the SLA, and was closed on 30/4/2016 at 16:07. The incident is now resolved, with no knowledge article created."
INC0029079,New,False,Emerald,Boa,United Kingdom,"Incident INC0029079, categorized with medium impact and urgency (priority 3 - Moderate), was opened on 13/5/2016 at 08:05 and resolved quickly by 08:15 the same day. The incident involved the Boa product from vendor Emerald in the United Kingdom. The service level agreement was met, and the ticket was closed on 18/5/2016 at 09:07. The incident remains marked as New and no knowledge article was created."
INC0018837,New,False,Emerald,Turtle,Mexico,"Incident INC0018837, related to the product Turtle from vendor Emerald in Mexico, was opened on 13/4/2016 at 16:26 with a medium impact and urgency, resulting in a moderate priority. The incident was resolved the same day at 16:48 and closed on 18/4/2016 at 16:12. The SLA was met, and no knowledge article was created. The current state is New."
INC0023804,New,False,Ruby,Shrimp,Croatia,"Incident INC0023804, related to the product Shrimp from vendor Ruby in Croatia, was opened on 28/04/2016 with a medium impact and urgency, and moderate priority. The incident met its SLA, was resolved on 19/05/2016, and closed on 24/05/2016. The incident state is New, and no knowledge article was created."
INC0025188,Active,False,Emerald,Frog,Thailand,"Incident INC0025188, related to the Emerald Frog product in Thailand, was opened on 3/5/2016 with medium impact and urgency, resulting in a moderate priority. The incident was active, met its SLA, resolved on 4/5/2016, and closed on 9/5/2016. No knowledge article was created."
INC0005766,New,False,Emerald,Croc,Indonesia,"Incident INC0005766 was opened on 11/3/2016 and had a medium impact and urgency, resulting in a moderate priority. It involved the product Croc from the vendor Emerald in Indonesia. The incident was resolved on 14/3/2016 and closed on 24/3/2016, meeting the SLA requirements. The incident state was New at the time of recording and no knowledge article was created."
INC0003513,New,True,Ruby,Shrimp,Spain,"Incident INC0003513, related to the Ruby vendor's Shrimp product in Spain, was opened on 7/3/2016 with a medium impact and urgency, and moderate priority. The incident met its SLA, involved knowledgeable handling, and was resolved on 31/5/2016 before being closed on 5/6/2016. The current incident state is New."
INC0017899,Resolved,False,Sapphire,Peacock,Czech Republic,"Incident INC0017899, involving the Peacock product from vendor Sapphire in the Czech Republic, was opened on 12/4/2016 at 08:23 with a medium impact and urgency, assigned a moderate priority. The incident was resolved quickly by 08:31 the same day, meeting the SLA, and was officially closed on 17/4/2016 at 09:07."
INC0028536,Active,False,Emerald,Turtle,Chile,"Incident INC0028536, impacting the Turtle product by vendor Emerald in Chile, was opened on 11/5/2016 with a medium impact and urgency, and a moderate priority. The incident met its SLA, was resolved on 13/5/2016, and closed on 18/5/2016. The incident is currently active and does not have associated knowledge documentation."
INC0014159,Awaiting User Info,False,Sapphire,Glaucus,Belgium,"Incident INC0014159, related to the product Glaucus from vendor Sapphire in Belgium, was classified as critical priority with high impact and urgency. It was opened on 1 April 2016 and resolved on 17 May 2016, before being closed on 22 May 2016. The incident is currently awaiting user information and met its SLA requirements. No knowledge article was created for this case."
INC0010842,Resolved,False,Ruby,LadyBug,Pakistan,"Incident INC0010842, related to the Ruby vendor's LadyBug product in Pakistan, was opened on 24/3/2016 and resolved by 29/3/2016, meeting the SLA. The incident had medium impact and urgency, resulting in a moderate priority classification. It was closed on 3/4/2016, and no knowledge article was created."
INC0009953,Awaiting User Info,False,Emerald,Frog,Greece,"Incident INC0009953, related to the Emerald vendor's Frog product in Greece, was opened on 22/3/2016 with medium impact and urgency, resulting in a moderate priority. The incident met its SLA but is currently awaiting user information. It was resolved on 20/4/2016 and closed on 25/4/2016. No knowledge article was created."
INC0013848,Closed,False,Ruby,Ant,Austria,"Incident INC0013848, related to the Ruby Ant product in Austria, was a medium impact and urgency issue with moderate priority. It was opened on 1/4/2016 at 08:52 and resolved on 7/4/2016 at 13:23, then closed on 12/4/2016 at 13:59. The service level agreement (SLA) was not met, and no knowledge article was created. The incident is now closed."
INC0021243,Closed,False,Sapphire,BlueJay,Bolivia,"Incident INC0021243, related to the BlueJay product by vendor Sapphire in Bolivia, was opened on 20/4/2016 and closed on 30/4/2016. It had a medium impact and urgency, with a moderate priority. The incident did not meet the SLA and was resolved on 25/4/2016. Knowledge documentation was not created."
INC0012014,Active,False,Ruby,Ant,Turkey,"Incident INC0012014, related to the Ruby vendor's Ant product in Turkey, was opened on 28/3/2016 at 13:56 with medium impact and urgency, resulting in a moderate priority. The incident met its SLA, was resolved the same day at 16:41, and subsequently closed on 2/4/2016 at 16:59. The incident is currently marked as active, and no knowledge article was created."
INC0019849,New,False,Emerald,Croc,Norway,"Incident INC0019849 was opened on 15/04/2016 with a medium impact and urgency, resulting in a moderate priority. The incident involved the Croc product from vendor Emerald in Norway. It met the service level agreement (SLA) and was resolved on 19/04/2016 before being closed on 24/04/2016. The incident is currently in a new state and has no associated knowledge base article."
INC0027613,Awaiting User Info,False,Ruby,Ant,Spain,"Incident INC0027613, related to the Ruby vendor's Ant product in Spain, was opened on 9/5/2016 and marked with medium impact and urgency, resulting in a moderate priority. The incident met its SLA targets and remained in the ""Awaiting User Info"" state. It was resolved on 30/5/2016 and closed on 4/6/2016. No knowledge article was created."
INC0010315,Active,False,Ruby,Fox,Bolivia,"Incident INC0010315, related to the Ruby vendor's Fox product in Bolivia, was opened on 23/3/2016 and had a medium impact and urgency with a moderate priority. The incident met its SLA, was resolved on 31/3/2016, and closed on 5/4/2016. It remains active and does not have an associated knowledge article."
INC0002669,Awaiting User Info,True,Ruby,Shrimp,Ecuador,"Incident INC0002669, related to the Ruby vendor's Shrimp product in Ecuador, was opened on April 3, 2016. It had a medium impact and urgency, resulting in a moderate priority. The incident met its SLA and was resolved on March 22, 2016, and subsequently closed on March 27, 2016. The current state is ""Awaiting User Info,"" and knowledge resources are available for this incident."
INC0028733,Closed,False,Ruby,Shrimp,Bolivia,"Incident INC0028733, related to the Ruby vendor's Shrimp product in Bolivia, was opened on 12/5/2016 at 10:15 with a medium impact and urgency, and moderate priority. The incident was resolved within the SLA on the same day at 11:14 and subsequently closed on 17/5/2016 at 12:07. Knowledge documentation was not created. The incident state is closed."
INC0007267,Awaiting User Info,False,Emerald,Frog,Italy,"Incident INC0007267, related to the Emerald Frog product in Italy, was opened on 15/3/2016 at 12:26 with a medium impact and urgency, resulting in a moderate priority. The incident met its SLA, was resolved the same day at 16:59, and closed on 24/3/2016 at 19:01. It is currently awaiting user information, and no knowledge article was created."
